Dia;Plataforma do dispositivo;Colocação;Plataforma;Alcance;Impressões;Quantia gasta (BRL);Cliques em links;Visualizações por página;Compras no website;Compras no facebook;Adicionados ao carrinho;Valor de conversão adicionado ao carrinho;Checkouts Iniciados;Valor de conversão de checkouts iniciados;Valor de conversão de compras;Compras
2021-07-30 00:00:00,000;"mobile_app";"instream_video";"All";;5;0,04;;;;"";;;;"";;
2021-07-30 00:00:00,000;"mobile_app";"instream_video";"facebook";;5;0,04;;;;"";;;;"";;
2021-07-26 00:00:00,000;"mobile_app";"messenger_inbox";"All";;9;0,02;;;;"";;;;"";;
2021-07-26 00:00:00,000;"mobile_app";"messenger_inbox";"messenger";;9;0,02;;;;"";;;;"";;
2021-07-25 00:00:00,000;"mobile_app";"marketplace";"All";;3;0,02;;;;"";;;;"";;
2021-07-25 00:00:00,000;"mobile_app";"marketplace";"facebook";;3;0,02;;;;"";;;;"";;
2021-07-24 00:00:00,000;"mobile_app";"instant_article";"All";;1;0,01;;;;"";;;;"";;
2021-07-24 00:00:00,000;"mobile_app";"instant_article";"facebook";;1;0,01;;;;"";;;;"";;
2021-07-24 00:00:00,000;"desktop";"marketplace";"All";;1;;;;;"";;;;"";;
2021-07-24 00:00:00,000;"desktop";"marketplace";"facebook";;1;;;;;"";;;;"";;
2021-07-23 00:00:00,000;"mobile_app";"instant_article";"All";;1;;;;;"";;;;"";;
2021-07-23 00:00:00,000;"mobile_app";"instant_article";"facebook";;1;;;;;"";;;;"";;
2021-07-22 00:00:00,000;"mobile_app";"instream_video";"All";;1;0,01;;;;"";;;;"";;
2021-07-22 00:00:00,000;"mobile_app";"instream_video";"facebook";;1;0,01;;;;"";;;;"";;
2021-07-21 00:00:00,000;"mobile_app";"instream_video";"All";;1;;;;;"";;;;"";;
2021-07-21 00:00:00,000;"mobile_app";"instream_video";"facebook";;1;;;;;"";;;;"";;
2021-07-20 00:00:00,000;"mobile_app";"messenger_inbox";"All";;1;;;;;"";;;;"";;
2021-07-20 00:00:00,000;"mobile_app";"messenger_inbox";"messenger";;1;;;;;"";;;;"";;
2021-07-20 00:00:00,000;"mobile_app";"an_classic";"All";;2;0,01;;;;"";;;;"";;
2021-07-20 00:00:00,000;"mobile_app";"an_classic";"audience_network";;2;0,01;;;;"";;;;"";;
2021-07-19 00:00:00,000;"desktop";"right_hand_column";"All";;26;0,02;;;;"";;;;"";;
2021-07-19 00:00:00,000;"desktop";"right_hand_column";"facebook";;26;0,02;;;;"";;;;"";;
2021-07-19 00:00:00,000;"mobile_app";"messenger_stories";"All";;1;;;;;"";;;;"";;
2021-07-19 00:00:00,000;"mobile_app";"messenger_stories";"messenger";;1;;;;;"";;;;"";;
2021-07-18 00:00:00,000;"mobile_app";"instream_video";"All";;3;0,01;;;;"";;;;"";;
2021-07-18 00:00:00,000;"mobile_app";"instream_video";"facebook";;3;0,01;;;;"";;;;"";;
2021-07-18 00:00:00,000;"mobile_app";"messenger_stories";"All";;2;0,01;;;;"";;;;"";;
2021-07-18 00:00:00,000;"mobile_app";"messenger_stories";"messenger";;2;0,01;;;;"";;;;"";;
2021-07-17 00:00:00,000;"desktop";"right_hand_column";"All";;21;0,02;;;;"";;;;"";;
2021-07-17 00:00:00,000;"desktop";"right_hand_column";"facebook";;21;0,02;;;;"";;;;"";;
2021-07-17 00:00:00,000;"mobile_app";"instant_article";"All";;12;0,02;;;;"";;;;"";;
2021-07-17 00:00:00,000;"mobile_app";"instant_article";"facebook";;12;0,02;;;;"";;;;"";;
2021-07-16 00:00:00,000;"mobile_app";"messenger_stories";"All";;4;0,02;;;;"";;;;"";;
2021-07-16 00:00:00,000;"mobile_app";"messenger_stories";"messenger";;4;0,02;;;;"";;;;"";;
2021-07-16 00:00:00,000;"desktop";"right_hand_column";"All";;9;0,01;;;;"";;;;"";;
2021-07-16 00:00:00,000;"desktop";"right_hand_column";"facebook";;9;0,01;;;;"";;;;"";;
2021-07-15 00:00:00,000;"mobile_app";"messenger_stories";"All";;1;0,02;;;;"";;;;"";;
2021-07-15 00:00:00,000;"mobile_app";"messenger_stories";"messenger";;1;0,02;;;;"";;;;"";;
2021-07-15 00:00:00,000;"mobile_app";"messenger_inbox";"All";;8;0,01;;;;"";;;;"";;
2021-07-15 00:00:00,000;"mobile_app";"messenger_inbox";"messenger";;8;0,01;;;;"";;;;"";;
2021-07-14 00:00:00,000;"mobile_app";"messenger_stories";"All";;1;0,01;;;;"";;;;"";;
2021-07-14 00:00:00,000;"mobile_app";"messenger_stories";"messenger";;1;0,01;;;;"";;;;"";;
2021-07-10 00:00:00,000;"mobile_app";"instream_video";"All";;1;0,03;;;;"";;;;"";;
2021-07-10 00:00:00,000;"mobile_app";"instream_video";"facebook";;1;0,03;;;;"";;;;"";;
2021-07-09 00:00:00,000;"mobile_app";"messenger_inbox";"All";;3;0,02;;;;"";;;;"";;
2021-07-09 00:00:00,000;"mobile_app";"messenger_inbox";"messenger";;3;0,02;;;;"";;;;"";;
2021-07-08 00:00:00,000;"mobile_app";"messenger_stories";"All";;1;;;;;"";;;;"";;
2021-07-08 00:00:00,000;"mobile_app";"messenger_stories";"messenger";;1;;;;;"";;;;"";;
2021-07-07 00:00:00,000;"mobile_app";"an_classic";"All";;1;;;;;"";;;;"";;
2021-07-07 00:00:00,000;"mobile_app";"an_classic";"audience_network";;1;;;;;"";;;;"";;
2021-07-05 00:00:00,000;"mobile_app";"rewarded_video";"All";;1;;;;;"";;;;"";;
2021-07-05 00:00:00,000;"mobile_app";"rewarded_video";"audience_network";;1;;;;;"";;;;"";;
2021-07-03 00:00:00,000;"mobile_app";"rewarded_video";"All";;1;0,01;;;;"";;;;"";;
2021-07-03 00:00:00,000;"mobile_app";"rewarded_video";"audience_network";;1;0,01;;;;"";;;;"";;
2021-07-03 00:00:00,000;"mobile_app";"facebook_stories";"All";;1;;;;;"";;;;"";;
2021-07-03 00:00:00,000;"mobile_app";"facebook_stories";"facebook";;1;;;;;"";;;;"";;
2021-07-02 00:00:00,000;"mobile_app";"marketplace";"All";;5;0,01;;;;"";;;;"";;
2021-07-02 00:00:00,000;"mobile_app";"marketplace";"facebook";;5;0,01;;;;"";;;;"";;
2021-07-02 00:00:00,000;"mobile_app";"instant_article";"All";;3;0,02;;;;"";;;;"";;
2021-07-02 00:00:00,000;"mobile_app";"instant_article";"facebook";;3;0,02;;;;"";;;;"";;
2021-07-02 00:00:00,000;"mobile_app";"rewarded_video";"All";;2;0,02;;;;"";;;;"";;
2021-07-02 00:00:00,000;"mobile_app";"rewarded_video";"audience_network";;2;0,02;;;;"";;;;"";;
2021-07-02 00:00:00,000;"mobile_app";"facebook_stories";"All";;1;;;;;"";;;;"";;
2021-07-02 00:00:00,000;"mobile_app";"facebook_stories";"facebook";;1;;;;;"";;;;"";;
2021-07-01 00:00:00,000;"mobile_app";"marketplace";"All";;4;0,03;;;;"";;;;"";;
2021-07-01 00:00:00,000;"mobile_app";"marketplace";"facebook";;4;0,03;;;;"";;;;"";;
2021-07-01 00:00:00,000;"mobile_app";"instant_article";"All";;1;;;;;"";;;;"";;
2021-07-01 00:00:00,000;"mobile_app";"instant_article";"facebook";;1;;;;;"";;;;"";;
2021-07-31 00:00:00,000;"mobile_web";"All";"All";104;170;0,49;;;;"";;;;"";;
2021-07-31 00:00:00,000;"mobile_web";"feed";"All";104;170;0,49;;;;"";;;;"";;
2021-07-31 00:00:00,000;"mobile_web";"feed";"facebook";104;170;0,49;;;;"";;;;"";;
2021-07-31 00:00:00,000;"mobile_app";"video_feeds";"All";99;99;0,24;;;;"";;;;"";;
2021-07-31 00:00:00,000;"mobile_app";"video_feeds";"facebook";99;99;0,24;;;;"";;;;"";;
2021-07-31 00:00:00,000;"mobile_app";"messenger_inbox";"All";4;7;0,03;;;;"";;;;"";;
2021-07-31 00:00:00,000;"mobile_app";"messenger_inbox";"messenger";4;7;0,03;;;;"";;;;"";;
2021-07-31 00:00:00,000;"mobile_app";"instream_video";"All";5;5;0,02;;;;"";;;;"";;
2021-07-31 00:00:00,000;"mobile_app";"instream_video";"facebook";5;5;0,02;;;;"";;;;"";;
2021-07-31 00:00:00,000;"mobile_app";"instant_article";"All";8;8;;;;;"";;;;"";;
2021-07-31 00:00:00,000;"mobile_app";"instant_article";"facebook";8;8;;;;;"";;;;"";;
2021-07-31 00:00:00,000;"mobile_app";"facebook_stories";"All";31;31;0,05;;;;"";;;;"";;
2021-07-31 00:00:00,000;"mobile_app";"facebook_stories";"facebook";31;31;0,05;;;;"";;;;"";;
2021-07-30 00:00:00,000;"desktop";"right_hand_column";"All";8;23;0,04;;;;"";;;;"";;
2021-07-30 00:00:00,000;"desktop";"right_hand_column";"facebook";8;23;0,04;;;;"";;;;"";;
2021-07-30 00:00:00,000;"mobile_app";"video_feeds";"All";296;296;0,92;;;;"";;;;"";;
2021-07-30 00:00:00,000;"mobile_app";"video_feeds";"facebook";296;296;0,92;;;;"";;;;"";;
2021-07-30 00:00:00,000;"mobile_app";"facebook_stories";"All";17;17;0,08;;;;"";;;;"";;
2021-07-30 00:00:00,000;"mobile_app";"facebook_stories";"facebook";17;17;0,08;;;;"";;;;"";;
2021-07-30 00:00:00,000;"mobile_app";"messenger_inbox";"All";30;30;0,07;;;;"";;;;"";;
2021-07-30 00:00:00,000;"mobile_app";"messenger_inbox";"messenger";30;30;0,07;;;;"";;;;"";;
2021-07-30 00:00:00,000;"mobile_app";"instant_article";"All";8;8;0,04;;;;"";;;;"";;
2021-07-30 00:00:00,000;"mobile_app";"instant_article";"facebook";8;8;0,04;;;;"";;;;"";;
2021-07-29 00:00:00,000;"desktop";"right_hand_column";"All";12;14;0,02;;;;"";;;;"";;
2021-07-29 00:00:00,000;"desktop";"right_hand_column";"facebook";12;14;0,02;;;;"";;;;"";;
2021-07-29 00:00:00,000;"mobile_app";"messenger_inbox";"All";10;10;0,04;;;;"";;;;"";;
2021-07-29 00:00:00,000;"mobile_app";"messenger_inbox";"messenger";10;10;0,04;;;;"";;;;"";;
2021-07-29 00:00:00,000;"mobile_app";"marketplace";"All";8;13;0,08;;;;"";;;;"";;
2021-07-29 00:00:00,000;"mobile_app";"marketplace";"facebook";8;13;0,08;;;;"";;;;"";;
2021-07-29 00:00:00,000;"mobile_app";"instant_article";"All";3;3;;;;;"";;;;"";;
2021-07-29 00:00:00,000;"mobile_app";"instant_article";"facebook";3;3;;;;;"";;;;"";;
2021-07-29 00:00:00,000;"mobile_app";"instream_video";"All";2;2;;;;;"";;;;"";;
2021-07-29 00:00:00,000;"mobile_app";"instream_video";"facebook";2;2;;;;;"";;;;"";;
2021-07-29 00:00:00,000;"mobile_app";"facebook_stories";"All";8;11;0,04;;;;"";;;;"";;
2021-07-29 00:00:00,000;"mobile_app";"facebook_stories";"facebook";8;11;0,04;;;;"";;;;"";;
2021-07-28 00:00:00,000;"desktop";"right_hand_column";"All";6;6;;;;;"";;;;"";;
2021-07-28 00:00:00,000;"desktop";"right_hand_column";"facebook";6;6;;;;;"";;;;"";;
2021-07-28 00:00:00,000;"mobile_app";"instream_video";"All";4;4;0,03;;;;"";;;;"";;
2021-07-28 00:00:00,000;"mobile_app";"instream_video";"facebook";4;4;0,03;;;;"";;;;"";;
2021-07-28 00:00:00,000;"mobile_app";"messenger_stories";"All";1;1;0,02;;;;"";;;;"";;
2021-07-28 00:00:00,000;"mobile_app";"messenger_stories";"messenger";1;1;0,02;;;;"";;;;"";;
2021-07-28 00:00:00,000;"mobile_app";"facebook_stories";"All";3;3;0,01;;;;"";;;;"";;
2021-07-28 00:00:00,000;"mobile_app";"facebook_stories";"facebook";3;3;0,01;;;;"";;;;"";;
2021-07-28 00:00:00,000;"mobile_app";"instant_article";"All";2;3;0,03;;;;"";;;;"";;
2021-07-28 00:00:00,000;"mobile_app";"instant_article";"facebook";2;3;0,03;;;;"";;;;"";;
2021-07-28 00:00:00,000;"mobile_app";"messenger_inbox";"All";4;5;;;;;"";;;;"";;
2021-07-28 00:00:00,000;"mobile_app";"messenger_inbox";"messenger";4;5;;;;;"";;;;"";;
2021-07-28 00:00:00,000;"mobile_app";"marketplace";"All";3;3;0,04;;;;"";;;;"";;
2021-07-28 00:00:00,000;"mobile_app";"marketplace";"facebook";3;3;0,04;;;;"";;;;"";;
2021-07-27 00:00:00,000;"mobile_app";"messenger_inbox";"All";11;11;0,04;;;;"";;;;"";;
2021-07-27 00:00:00,000;"mobile_app";"messenger_inbox";"messenger";11;11;0,04;;;;"";;;;"";;
2021-07-27 00:00:00,000;"mobile_app";"marketplace";"All";8;12;0,03;;;;"";;;;"";;
2021-07-27 00:00:00,000;"mobile_app";"marketplace";"facebook";8;12;0,03;;;;"";;;;"";;
2021-07-27 00:00:00,000;"mobile_app";"video_feeds";"All";24;43;0,13;;;;"";;;;"";;
2021-07-27 00:00:00,000;"mobile_app";"video_feeds";"facebook";24;43;0,13;;;;"";;;;"";;
2021-07-27 00:00:00,000;"mobile_app";"instream_video";"All";8;9;0,03;;;;"";;;;"";;
2021-07-27 00:00:00,000;"mobile_app";"instream_video";"facebook";8;9;0,03;;;;"";;;;"";;
2021-07-27 00:00:00,000;"mobile_app";"facebook_stories";"All";19;19;0,06;;;;"";;;;"";;
2021-07-27 00:00:00,000;"mobile_app";"facebook_stories";"facebook";19;19;0,06;;;;"";;;;"";;
2021-07-27 00:00:00,000;"desktop";"right_hand_column";"All";56;127;0,12;;;;"";;;;"";;
2021-07-27 00:00:00,000;"desktop";"right_hand_column";"facebook";56;127;0,12;;;;"";;;;"";;
2021-07-26 00:00:00,000;"mobile_app";"video_feeds";"All";96;96;0,18;;;;"";;;;"";;
2021-07-26 00:00:00,000;"mobile_app";"video_feeds";"facebook";96;96;0,18;;;;"";;;;"";;
2021-07-26 00:00:00,000;"mobile_app";"facebook_stories";"All";36;38;0,13;;;;"";;;;"";;
2021-07-26 00:00:00,000;"mobile_app";"facebook_stories";"facebook";36;38;0,13;;;;"";;;;"";;
2021-07-26 00:00:00,000;"mobile_app";"instream_video";"All";4;12;0,02;;;;"";;;;"";;
2021-07-26 00:00:00,000;"mobile_app";"instream_video";"facebook";4;12;0,02;;;;"";;;;"";;
2021-07-25 00:00:00,000;"mobile_app";"instant_article";"All";1;1;;;;;"";;;;"";;
2021-07-25 00:00:00,000;"mobile_app";"instant_article";"facebook";1;1;;;;;"";;;;"";;
2021-07-25 00:00:00,000;"mobile_app";"instream_video";"All";19;19;0,03;;;;"";;;;"";;
2021-07-25 00:00:00,000;"mobile_app";"instream_video";"facebook";19;19;0,03;;;;"";;;;"";;
2021-07-25 00:00:00,000;"mobile_app";"video_feeds";"All";68;74;0,19;;;;"";;;;"";;
2021-07-25 00:00:00,000;"mobile_app";"video_feeds";"facebook";68;74;0,19;;;;"";;;;"";;
2021-07-25 00:00:00,000;"mobile_app";"messenger_inbox";"All";4;4;;;;;"";;;;"";;
2021-07-25 00:00:00,000;"mobile_app";"messenger_inbox";"messenger";4;4;;;;;"";;;;"";;
2021-07-25 00:00:00,000;"mobile_app";"facebook_stories";"All";32;35;0,07;;;;"";;;;"";;
2021-07-25 00:00:00,000;"mobile_app";"facebook_stories";"facebook";32;35;0,07;;;;"";;;;"";;
2021-07-24 00:00:00,000;"mobile_app";"instream_video";"All";12;13;0,05;;;;"";;;;"";;
2021-07-24 00:00:00,000;"mobile_app";"instream_video";"facebook";12;13;0,05;;;;"";;;;"";;
2021-07-24 00:00:00,000;"mobile_app";"messenger_inbox";"All";8;14;0,07;;;;"";;;;"";;
2021-07-24 00:00:00,000;"mobile_app";"messenger_inbox";"messenger";8;14;0,07;;;;"";;;;"";;
2021-07-24 00:00:00,000;"mobile_app";"marketplace";"All";10;10;0,06;;;;"";;;;"";;
2021-07-24 00:00:00,000;"mobile_app";"marketplace";"facebook";10;10;0,06;;;;"";;;;"";;
2021-07-24 00:00:00,000;"mobile_app";"video_feeds";"All";41;41;0,09;;;;"";;;;"";;
2021-07-24 00:00:00,000;"mobile_app";"video_feeds";"facebook";41;41;0,09;;;;"";;;;"";;
2021-07-24 00:00:00,000;"mobile_app";"facebook_stories";"All";28;45;0,22;;;;"";;;;"";;
2021-07-24 00:00:00,000;"mobile_app";"facebook_stories";"facebook";28;45;0,22;;;;"";;;;"";;
2021-07-24 00:00:00,000;"desktop";"right_hand_column";"All";32;42;0,08;;;;"";;;;"";;
2021-07-24 00:00:00,000;"desktop";"right_hand_column";"facebook";32;42;0,08;;;;"";;;;"";;
2021-07-24 00:00:00,000;"mobile_web";"All";"All";92;167;0,68;;;;"";;;;"";;
2021-07-24 00:00:00,000;"mobile_web";"feed";"All";92;167;0,68;;;;"";;;;"";;
2021-07-24 00:00:00,000;"mobile_web";"feed";"facebook";92;167;0,68;;;;"";;;;"";;
2021-07-23 00:00:00,000;"desktop";"marketplace";"All";1;1;;;;;"";;;;"";;
2021-07-23 00:00:00,000;"desktop";"marketplace";"facebook";1;1;;;;;"";;;;"";;
2021-07-23 00:00:00,000;"desktop";"right_hand_column";"All";16;31;0,07;;;;"";;;;"";;
2021-07-23 00:00:00,000;"desktop";"right_hand_column";"facebook";16;31;0,07;;;;"";;;;"";;
2021-07-23 00:00:00,000;"mobile_app";"facebook_stories";"All";32;42;0,2;;;;"";;;;"";;
2021-07-23 00:00:00,000;"mobile_app";"facebook_stories";"facebook";32;42;0,2;;;;"";;;;"";;
2021-07-23 00:00:00,000;"mobile_app";"instream_video";"All";16;16;0,05;;;;"";;;;"";;
2021-07-23 00:00:00,000;"mobile_app";"instream_video";"facebook";16;16;0,05;;;;"";;;;"";;
2021-07-23 00:00:00,000;"mobile_app";"messenger_inbox";"All";4;6;;;;;"";;;;"";;
2021-07-23 00:00:00,000;"mobile_app";"messenger_inbox";"messenger";4;6;;;;;"";;;;"";;
2021-07-23 00:00:00,000;"mobile_app";"marketplace";"All";6;6;0,05;;;;"";;;;"";;
2021-07-23 00:00:00,000;"mobile_app";"marketplace";"facebook";6;6;0,05;;;;"";;;;"";;
2021-07-22 00:00:00,000;"mobile_app";"marketplace";"All";3;3;0,01;;;;"";;;;"";;
2021-07-22 00:00:00,000;"mobile_app";"marketplace";"facebook";3;3;0,01;;;;"";;;;"";;
2021-07-22 00:00:00,000;"mobile_app";"instant_article";"All";2;2;0,01;;;;"";;;;"";;
2021-07-22 00:00:00,000;"mobile_app";"instant_article";"facebook";2;2;0,01;;;;"";;;;"";;
2021-07-22 00:00:00,000;"mobile_app";"facebook_stories";"All";36;37;0,21;;;;"";;;;"";;
2021-07-22 00:00:00,000;"mobile_app";"facebook_stories";"facebook";36;37;0,21;;;;"";;;;"";;
2021-07-22 00:00:00,000;"mobile_web";"All";"All";216;304;0,9;;;;"";;;;"";;
2021-07-22 00:00:00,000;"mobile_web";"feed";"All";216;304;0,9;;;;"";;;;"";;
2021-07-22 00:00:00,000;"mobile_web";"feed";"facebook";216;304;0,9;;;;"";;;;"";;
2021-07-22 00:00:00,000;"desktop";"All";"All";192;266;1,66;;;;"";;;;"";;
2021-07-22 00:00:00,000;"desktop";"feed";"All";192;266;1,66;;;;"";;;;"";;
2021-07-22 00:00:00,000;"desktop";"feed";"facebook";192;266;1,66;;;;"";;;;"";;
2021-07-21 00:00:00,000;"mobile_app";"marketplace";"All";4;4;0,02;;;;"";;;;"";;
2021-07-21 00:00:00,000;"mobile_app";"marketplace";"facebook";4;4;0,02;;;;"";;;;"";;
2021-07-20 00:00:00,000;"desktop";"right_hand_column";"All";12;47;0,09;;;;"";;;;"";;
2021-07-20 00:00:00,000;"desktop";"right_hand_column";"facebook";12;47;0,09;;;;"";;;;"";;
2021-07-20 00:00:00,000;"mobile_app";"instream_video";"All";8;8;0,1;;;;"";;;;"";;
2021-07-20 00:00:00,000;"mobile_app";"instream_video";"facebook";8;8;0,1;;;;"";;;;"";;
2021-07-20 00:00:00,000;"mobile_app";"video_feeds";"All";124;134;0,37;;;;"";;;;"";;
2021-07-20 00:00:00,000;"mobile_app";"video_feeds";"facebook";124;134;0,37;;;;"";;;;"";;
2021-07-20 00:00:00,000;"mobile_app";"marketplace";"All";4;7;0,02;;;;"";;;;"";;
2021-07-20 00:00:00,000;"mobile_app";"marketplace";"facebook";4;7;0,02;;;;"";;;;"";;
2021-07-20 00:00:00,000;"mobile_app";"instant_article";"All";4;7;0,07;;;;"";;;;"";;
2021-07-20 00:00:00,000;"mobile_app";"instant_article";"facebook";4;7;0,07;;;;"";;;;"";;
2021-07-20 00:00:00,000;"mobile_app";"facebook_stories";"All";15;15;0,05;;;;"";;;;"";;
2021-07-20 00:00:00,000;"mobile_app";"facebook_stories";"facebook";15;15;0,05;;;;"";;;;"";;
2021-07-19 00:00:00,000;"mobile_app";"instream_video";"All";13;13;0,04;;;;"";;;;"";;
2021-07-19 00:00:00,000;"mobile_app";"instream_video";"facebook";13;13;0,04;;;;"";;;;"";;
2021-07-19 00:00:00,000;"mobile_app";"facebook_stories";"All";4;9;0,1;;;;"";;;;"";;
2021-07-19 00:00:00,000;"mobile_app";"facebook_stories";"facebook";4;9;0,1;;;;"";;;;"";;
2021-07-19 00:00:00,000;"mobile_app";"instant_article";"All";4;4;0,01;;;;"";;;;"";;
2021-07-19 00:00:00,000;"mobile_app";"instant_article";"facebook";4;4;0,01;;;;"";;;;"";;
2021-07-19 00:00:00,000;"mobile_app";"marketplace";"All";20;20;0,05;;;;"";;;;"";;
2021-07-19 00:00:00,000;"mobile_app";"marketplace";"facebook";20;20;0,05;;;;"";;;;"";;
2021-07-19 00:00:00,000;"mobile_app";"messenger_inbox";"All";8;16;0,08;;;;"";;;;"";;
2021-07-19 00:00:00,000;"mobile_app";"messenger_inbox";"messenger";8;16;0,08;;;;"";;;;"";;
2021-07-19 00:00:00,000;"mobile_app";"instagram_explore";"All";604;611;1,66;;;;"";;;;"";;
2021-07-19 00:00:00,000;"mobile_app";"instagram_explore";"instagram";604;611;1,66;;;;"";;;;"";;
2021-07-18 00:00:00,000;"desktop";"right_hand_column";"All";8;19;0,02;;;;"";;;;"";;
2021-07-18 00:00:00,000;"desktop";"right_hand_column";"facebook";8;19;0,02;;;;"";;;;"";;
2021-07-18 00:00:00,000;"mobile_app";"messenger_inbox";"All";8;13;0,03;;;;"";;;;"";;
2021-07-18 00:00:00,000;"mobile_app";"messenger_inbox";"messenger";8;13;0,03;;;;"";;;;"";;
2021-07-18 00:00:00,000;"mobile_app";"instant_article";"All";16;16;0,02;;;;"";;;;"";;
2021-07-18 00:00:00,000;"mobile_app";"instant_article";"facebook";16;16;0,02;;;;"";;;;"";;
2021-07-18 00:00:00,000;"mobile_app";"facebook_stories";"All";16;34;0,1;;;;"";;;;"";;
2021-07-18 00:00:00,000;"mobile_app";"facebook_stories";"facebook";16;34;0,1;;;;"";;;;"";;
2021-07-18 00:00:00,000;"mobile_app";"marketplace";"All";16;39;0,09;;;;"";;;;"";;
2021-07-18 00:00:00,000;"mobile_app";"marketplace";"facebook";16;39;0,09;;;;"";;;;"";;
2021-07-17 00:00:00,000;"mobile_app";"messenger_stories";"All";2;2;0,02;;;;"";;;;"";;
2021-07-17 00:00:00,000;"mobile_app";"messenger_stories";"messenger";2;2;0,02;;;;"";;;;"";;
2021-07-17 00:00:00,000;"mobile_app";"instream_video";"All";3;3;0,02;;;;"";;;;"";;
2021-07-17 00:00:00,000;"mobile_app";"instream_video";"facebook";3;3;0,02;;;;"";;;;"";;
2021-07-17 00:00:00,000;"mobile_app";"marketplace";"All";16;24;0,11;;;;"";;;;"";;
2021-07-17 00:00:00,000;"mobile_app";"marketplace";"facebook";16;24;0,11;;;;"";;;;"";;
2021-07-17 00:00:00,000;"mobile_app";"messenger_inbox";"All";16;16;0,04;;;;"";;;;"";;
2021-07-17 00:00:00,000;"mobile_app";"messenger_inbox";"messenger";16;16;0,04;;;;"";;;;"";;
2021-07-16 00:00:00,000;"mobile_app";"messenger_inbox";"All";8;19;0,04;;;;"";;;;"";;
2021-07-16 00:00:00,000;"mobile_app";"messenger_inbox";"messenger";8;19;0,04;;;;"";;;;"";;
2021-07-16 00:00:00,000;"mobile_app";"facebook_stories";"All";17;17;0,15;;;;"";;;;"";;
2021-07-16 00:00:00,000;"mobile_app";"facebook_stories";"facebook";17;17;0,15;;;;"";;;;"";;
2021-07-16 00:00:00,000;"mobile_app";"instant_article";"All";14;14;0,04;;;;"";;;;"";;
2021-07-16 00:00:00,000;"mobile_app";"instant_article";"facebook";14;14;0,04;;;;"";;;;"";;
2021-07-16 00:00:00,000;"mobile_app";"marketplace";"All";16;62;0,26;;;;"";;;;"";;
2021-07-16 00:00:00,000;"mobile_app";"marketplace";"facebook";16;62;0,26;;;;"";;;;"";;
2021-07-15 00:00:00,000;"mobile_app";"facebook_stories";"All";9;9;0,02;;;;"";;;;"";;
2021-07-15 00:00:00,000;"mobile_app";"facebook_stories";"facebook";9;9;0,02;;;;"";;;;"";;
2021-07-15 00:00:00,000;"mobile_app";"instream_video";"All";2;2;0,01;;;;"";;;;"";;
2021-07-15 00:00:00,000;"mobile_app";"instream_video";"facebook";2;2;0,01;;;;"";;;;"";;
2021-07-15 00:00:00,000;"mobile_app";"instant_article";"All";3;3;;;;;"";;;;"";;
2021-07-15 00:00:00,000;"mobile_app";"instant_article";"facebook";3;3;;;;;"";;;;"";;
2021-07-15 00:00:00,000;"desktop";"right_hand_column";"All";13;13;0,02;;;;"";;;;"";;
2021-07-15 00:00:00,000;"desktop";"right_hand_column";"facebook";13;13;0,02;;;;"";;;;"";;
2021-07-15 00:00:00,000;"desktop";"marketplace";"All";1;1;;;;;"";;;;"";;
2021-07-15 00:00:00,000;"desktop";"marketplace";"facebook";1;1;;;;;"";;;;"";;
2021-07-14 00:00:00,000;"mobile_app";"facebook_stories";"All";4;6;;;;;"";;;;"";;
2021-07-14 00:00:00,000;"mobile_app";"facebook_stories";"facebook";4;6;;;;;"";;;;"";;
2021-07-13 00:00:00,000;"mobile_app";"instant_article";"All";4;4;;;;;"";;;;"";;
2021-07-13 00:00:00,000;"mobile_app";"instant_article";"facebook";4;4;;;;;"";;;;"";;
2021-07-13 00:00:00,000;"mobile_app";"facebook_stories";"All";6;6;0,04;;;;"";;;;"";;
2021-07-13 00:00:00,000;"mobile_app";"facebook_stories";"facebook";6;6;0,04;;;;"";;;;"";;
2021-07-13 00:00:00,000;"mobile_app";"marketplace";"All";2;2;;;;;"";;;;"";;
2021-07-13 00:00:00,000;"mobile_app";"marketplace";"facebook";2;2;;;;;"";;;;"";;
2021-07-13 00:00:00,000;"mobile_app";"video_feeds";"All";202;202;0,49;;;;"";;;;"";;
2021-07-13 00:00:00,000;"mobile_app";"video_feeds";"facebook";202;202;0,49;;;;"";;;;"";;
2021-07-13 00:00:00,000;"mobile_web";"All";"All";34;45;0,17;;;;"";;;;"";;
2021-07-13 00:00:00,000;"mobile_web";"feed";"All";34;45;0,17;;;;"";;;;"";;
2021-07-13 00:00:00,000;"mobile_web";"feed";"facebook";34;45;0,17;;;;"";;;;"";;
2021-07-13 00:00:00,000;"desktop";"right_hand_column";"All";2;2;;;;;"";;;;"";;
2021-07-13 00:00:00,000;"desktop";"right_hand_column";"facebook";2;2;;;;;"";;;;"";;
2021-07-11 00:00:00,000;"mobile_app";"instant_article";"All";6;7;;;;;"";;;;"";;
2021-07-11 00:00:00,000;"mobile_app";"instant_article";"facebook";6;7;;;;;"";;;;"";;
2021-07-11 00:00:00,000;"mobile_app";"instagram_explore";"All";5;5;0,01;;;;"";;;;"";;
2021-07-11 00:00:00,000;"mobile_app";"instagram_explore";"instagram";5;5;0,01;;;;"";;;;"";;
2021-07-10 00:00:00,000;"mobile_app";"instant_article";"All";9;9;0,01;;;;"";;;;"";;
2021-07-10 00:00:00,000;"mobile_app";"instant_article";"facebook";9;9;0,01;;;;"";;;;"";;
2021-07-10 00:00:00,000;"mobile_app";"facebook_stories";"All";28;28;0,06;;;;"";;;;"";;
2021-07-10 00:00:00,000;"mobile_app";"facebook_stories";"facebook";28;28;0,06;;;;"";;;;"";;
2021-07-10 00:00:00,000;"mobile_app";"marketplace";"All";16;22;0,02;;;;"";;;;"";;
2021-07-10 00:00:00,000;"mobile_app";"marketplace";"facebook";16;22;0,02;;;;"";;;;"";;
2021-07-10 00:00:00,000;"mobile_app";"messenger_inbox";"All";4;6;;;;;"";;;;"";;
2021-07-10 00:00:00,000;"mobile_app";"messenger_inbox";"messenger";4;6;;;;;"";;;;"";;
2021-07-10 00:00:00,000;"mobile_web";"All";"All";180;311;0,98;;;;"";;;;"";;
2021-07-10 00:00:00,000;"mobile_web";"feed";"All";180;311;0,98;;;;"";;;;"";;
2021-07-10 00:00:00,000;"mobile_web";"feed";"facebook";180;311;0,98;;;;"";;;;"";;
2021-07-10 00:00:00,000;"desktop";"All";"All";124;190;1;;;;"";;;;"";;
2021-07-10 00:00:00,000;"desktop";"feed";"All";124;144;0,97;;;;"";;;;"";;
2021-07-10 00:00:00,000;"desktop";"feed";"facebook";124;144;0,97;;;;"";;;;"";;
2021-07-10 00:00:00,000;"desktop";"right_hand_column";"All";8;46;0,03;;;;"";;;;"";;
2021-07-10 00:00:00,000;"desktop";"right_hand_column";"facebook";8;46;0,03;;;;"";;;;"";;
2021-07-09 00:00:00,000;"mobile_app";"instant_article";"All";12;12;0,01;;;;"";;;;"";;
2021-07-09 00:00:00,000;"mobile_app";"instant_article";"facebook";12;12;0,01;;;;"";;;;"";;
2021-07-09 00:00:00,000;"mobile_app";"facebook_stories";"All";8;8;0,01;;;;"";;;;"";;
2021-07-09 00:00:00,000;"mobile_app";"facebook_stories";"facebook";8;8;0,01;;;;"";;;;"";;
2021-07-09 00:00:00,000;"mobile_app";"marketplace";"All";20;24;0,09;;;;"";;;;"";;
2021-07-09 00:00:00,000;"mobile_app";"marketplace";"facebook";20;24;0,09;;;;"";;;;"";;
2021-07-09 00:00:00,000;"mobile_app";"instagram_explore";"All";133;133;0,22;;;;"";;;;"";;
2021-07-09 00:00:00,000;"mobile_app";"instagram_explore";"instagram";133;133;0,22;;;;"";;;;"";;
2021-07-09 00:00:00,000;"desktop";"right_hand_column";"All";4;41;0,09;;;;"";;;;"";;
2021-07-09 00:00:00,000;"desktop";"right_hand_column";"facebook";4;41;0,09;;;;"";;;;"";;
2021-07-08 00:00:00,000;"mobile_app";"instream_video";"All";1;1;;;;;"";;;;"";;
2021-07-08 00:00:00,000;"mobile_app";"instream_video";"facebook";1;1;;;;;"";;;;"";;
2021-07-08 00:00:00,000;"mobile_app";"instant_article";"All";24;24;0,08;;;;"";;;;"";;
2021-07-08 00:00:00,000;"mobile_app";"instant_article";"facebook";24;24;0,08;;;;"";;;;"";;
2021-07-08 00:00:00,000;"mobile_app";"an_classic";"All";2;2;;;;;"";;;;"";;
2021-07-08 00:00:00,000;"mobile_app";"an_classic";"audience_network";2;2;;;;;"";;;;"";;
2021-07-08 00:00:00,000;"mobile_web";"All";"All";108;150;1,02;;;;"";;;;"";;
2021-07-08 00:00:00,000;"mobile_web";"feed";"All";108;150;1,02;;;;"";;;;"";;
2021-07-08 00:00:00,000;"mobile_web";"feed";"facebook";108;150;1,02;;;;"";;;;"";;
2021-07-07 00:00:00,000;"mobile_app";"instant_article";"All";27;27;0,06;;;;"";;;;"";;
2021-07-07 00:00:00,000;"mobile_app";"instant_article";"facebook";27;27;0,06;;;;"";;;;"";;
2021-07-07 00:00:00,000;"mobile_app";"rewarded_video";"All";2;2;0,02;;;;"";;;;"";;
2021-07-07 00:00:00,000;"mobile_app";"rewarded_video";"audience_network";2;2;0,02;;;;"";;;;"";;
2021-07-07 00:00:00,000;"mobile_app";"marketplace";"All";43;43;0,12;;;;"";;;;"";;
2021-07-07 00:00:00,000;"mobile_app";"marketplace";"facebook";43;43;0,12;;;;"";;;;"";;
2021-07-06 00:00:00,000;"mobile_app";"marketplace";"All";32;51;0,08;;;;"";;;;"";;
2021-07-06 00:00:00,000;"mobile_app";"marketplace";"facebook";32;51;0,08;;;;"";;;;"";;
2021-07-06 00:00:00,000;"mobile_app";"rewarded_video";"All";4;5;0,02;;;;"";;;;"";;
2021-07-06 00:00:00,000;"mobile_app";"rewarded_video";"audience_network";4;5;0,02;;;;"";;;;"";;
2021-07-06 00:00:00,000;"mobile_app";"facebook_stories";"All";16;16;0,1;;;;"";;;;"";;
2021-07-06 00:00:00,000;"mobile_app";"facebook_stories";"facebook";16;16;0,1;;;;"";;;;"";;
2021-07-06 00:00:00,000;"mobile_app";"instant_article";"All";16;17;0,04;;;;"";;;;"";;
2021-07-06 00:00:00,000;"mobile_app";"instant_article";"facebook";16;17;0,04;;;;"";;;;"";;
2021-07-06 00:00:00,000;"mobile_app";"instagram_explore";"All";171;171;0,31;;;;"";;;;"";;
2021-07-06 00:00:00,000;"mobile_app";"instagram_explore";"instagram";171;171;0,31;;;;"";;;;"";;
2021-07-05 00:00:00,000;"mobile_app";"facebook_stories";"All";8;13;0,06;;;;"";;;;"";;
2021-07-05 00:00:00,000;"mobile_app";"facebook_stories";"facebook";8;13;0,06;;;;"";;;;"";;
2021-07-05 00:00:00,000;"mobile_app";"marketplace";"All";20;28;0,11;;;;"";;;;"";;
2021-07-05 00:00:00,000;"mobile_app";"marketplace";"facebook";20;28;0,11;;;;"";;;;"";;
2021-07-05 00:00:00,000;"mobile_app";"instant_article";"All";12;14;;;;;"";;;;"";;
2021-07-05 00:00:00,000;"mobile_app";"instant_article";"facebook";12;14;;;;;"";;;;"";;
2021-07-04 00:00:00,000;"mobile_app";"instant_article";"All";8;10;0,02;;;;"";;;;"";;
2021-07-04 00:00:00,000;"mobile_app";"instant_article";"facebook";8;10;0,02;;;;"";;;;"";;
2021-07-04 00:00:00,000;"mobile_app";"marketplace";"All";18;18;0,06;;;;"";;;;"";;
2021-07-04 00:00:00,000;"mobile_app";"marketplace";"facebook";18;18;0,06;;;;"";;;;"";;
2021-07-04 00:00:00,000;"mobile_app";"facebook_stories";"All";18;18;0,05;;;;"";;;;"";;
2021-07-04 00:00:00,000;"mobile_app";"facebook_stories";"facebook";18;18;0,05;;;;"";;;;"";;
2021-07-04 00:00:00,000;"mobile_app";"instagram_explore";"All";242;242;0,52;;;;"";;;;"";;
2021-07-04 00:00:00,000;"mobile_app";"instagram_explore";"instagram";242;242;0,52;;;;"";;;;"";;
2021-07-03 00:00:00,000;"mobile_web";"All";"All";32;94;0,23;;;;"";;;;"";;
2021-07-03 00:00:00,000;"mobile_web";"feed";"All";32;94;0,23;;;;"";;;;"";;
2021-07-03 00:00:00,000;"mobile_web";"feed";"facebook";32;94;0,23;;;;"";;;;"";;
2021-07-03 00:00:00,000;"mobile_app";"marketplace";"All";8;8;;;;;"";;;;"";;
2021-07-03 00:00:00,000;"mobile_app";"marketplace";"facebook";8;8;;;;;"";;;;"";;
2021-07-01 00:00:00,000;"mobile_app";"facebook_stories";"All";4;4;0,02;;;;"";;;;"";;
2021-07-01 00:00:00,000;"mobile_app";"facebook_stories";"facebook";4;4;0,02;;;;"";;;;"";;
2021-07-31 00:00:00,000;"mobile_app";"marketplace";"All";4;18;0,09;1;;;"";;;;"";;
2021-07-31 00:00:00,000;"mobile_app";"marketplace";"facebook";4;18;0,09;1;;;"";;;;"";;
2021-07-30 00:00:00,000;"mobile_app";"marketplace";"All";14;14;0,03;2;;;"";;;;"";;
2021-07-30 00:00:00,000;"mobile_app";"marketplace";"facebook";14;14;0,03;2;;;"";;;;"";;
2021-07-29 00:00:00,000;"mobile_app";"instagram_explore";"All";348;350;1,4;1;;;"";;;;"";;
2021-07-29 00:00:00,000;"mobile_app";"instagram_explore";"instagram";348;350;1,4;1;;;"";;;;"";;
2021-07-29 00:00:00,000;"mobile_web";"All";"All";124;156;0,62;1;;;"";;;;"";;
2021-07-29 00:00:00,000;"mobile_web";"feed";"All";124;156;0,62;1;;;"";;;;"";;
2021-07-29 00:00:00,000;"mobile_web";"feed";"facebook";124;156;0,62;1;;;"";;;;"";;
2021-07-27 00:00:00,000;"mobile_app";"instagram_explore";"All";276;281;1,42;1;;;"";;;;"";;
2021-07-27 00:00:00,000;"mobile_app";"instagram_explore";"instagram";276;281;1,42;1;;;"";;;;"";;
2021-07-26 00:00:00,000;"mobile_app";"marketplace";"All";25;25;0,03;1;;;"";;;;"";;
2021-07-26 00:00:00,000;"mobile_app";"marketplace";"facebook";25;25;0,03;1;;;"";;;;"";;
2021-07-26 00:00:00,000;"desktop";"right_hand_column";"All";64;133;0,25;1;;;"";;;;"";;
2021-07-26 00:00:00,000;"desktop";"right_hand_column";"facebook";64;133;0,25;1;;;"";;;;"";;
2021-07-21 00:00:00,000;"mobile_app";"video_feeds";"All";329;329;0,79;1;;;"";;;;"";;
2021-07-21 00:00:00,000;"mobile_app";"video_feeds";"facebook";329;329;0,79;1;;;"";;;;"";;
2021-07-16 00:00:00,000;"mobile_web";"All";"All";296;433;1,57;2;;;"";;;;"";;
2021-07-16 00:00:00,000;"mobile_web";"feed";"All";296;433;1,57;2;;;"";;;;"";;
2021-07-16 00:00:00,000;"mobile_web";"feed";"facebook";296;433;1,57;2;;;"";;;;"";;
2021-07-15 00:00:00,000;"mobile_app";"marketplace";"All";8;27;0,15;1;;;"";;;;"";;
2021-07-15 00:00:00,000;"mobile_app";"marketplace";"facebook";8;27;0,15;1;;;"";;;;"";;
2021-07-08 00:00:00,000;"mobile_app";"video_feeds";"All";858;858;1,57;1;;;"";;;;"";;
2021-07-08 00:00:00,000;"mobile_app";"video_feeds";"facebook";858;858;1,57;1;;;"";;;;"";;
2021-07-01 00:00:00,000;"desktop";"All";"All";60;60;0,36;1;;;"";;;;"";;
2021-07-01 00:00:00,000;"desktop";"feed";"All";60;60;0,36;1;;;"";;;;"";;
2021-07-01 00:00:00,000;"desktop";"feed";"facebook";60;60;0,36;1;;;"";;;;"";;
2021-07-31 00:00:00,000;"desktop";"All";"All";172;265;1,55;5;3;;"";;;;"";;
2021-07-31 00:00:00,000;"desktop";"feed";"All";172;225;1,48;4;2;;"";;;;"";;
2021-07-31 00:00:00,000;"desktop";"feed";"facebook";172;225;1,48;4;2;;"";;;;"";;
2021-07-31 00:00:00,000;"desktop";"right_hand_column";"All";12;40;0,07;1;1;;"";;;;"";;
2021-07-31 00:00:00,000;"desktop";"right_hand_column";"facebook";12;40;0,07;1;1;;"";;;;"";;
2021-07-30 00:00:00,000;"desktop";"All";"All";176;189;1,36;1;1;;"";;;;"";;
2021-07-30 00:00:00,000;"desktop";"feed";"All";166;166;1,32;1;1;;"";;;;"";;
2021-07-30 00:00:00,000;"desktop";"feed";"facebook";166;166;1,32;1;1;;"";;;;"";;
2021-07-30 00:00:00,000;"mobile_app";"instagram_explore";"All";333;333;1,19;3;2;;"";;;;"";;
2021-07-30 00:00:00,000;"mobile_app";"instagram_explore";"instagram";333;333;1,19;3;2;;"";;;;"";;
2021-07-30 00:00:00,000;"mobile_app";"instagram_stories";"All";3204;3241;8,12;18;15;;"";;;;"";;
2021-07-30 00:00:00,000;"mobile_app";"instagram_stories";"instagram";3204;3241;8,12;18;15;;"";;;;"";;
2021-07-28 00:00:00,000;"mobile_web";"All";"All";66;99;0,51;1;1;;"";;;;"";;
2021-07-28 00:00:00,000;"mobile_web";"feed";"All";66;99;0,51;1;1;;"";;;;"";;
2021-07-28 00:00:00,000;"mobile_web";"feed";"facebook";66;99;0,51;1;1;;"";;;;"";;
2021-07-27 00:00:00,000;"mobile_web";"All";"All";124;142;0,35;1;1;;"";;;;"";;
2021-07-27 00:00:00,000;"mobile_web";"feed";"All";124;142;0,35;1;1;;"";;;;"";;
2021-07-27 00:00:00,000;"mobile_web";"feed";"facebook";124;142;0,35;1;1;;"";;;;"";;
2021-07-26 00:00:00,000;"mobile_app";"instagram_explore";"All";732;738;1,8;2;2;;"";;;;"";;
2021-07-26 00:00:00,000;"mobile_app";"instagram_explore";"instagram";732;738;1,8;2;2;;"";;;;"";;
2021-07-25 00:00:00,000;"desktop";"right_hand_column";"All";48;95;0,17;1;1;;"";;;;"";;
2021-07-25 00:00:00,000;"desktop";"right_hand_column";"facebook";48;95;0,17;1;1;;"";;;;"";;
2021-07-25 00:00:00,000;"mobile_web";"All";"All";264;345;1,37;4;3;;"";;;;"";;
2021-07-25 00:00:00,000;"mobile_web";"feed";"All";264;345;1,37;4;3;;"";;;;"";;
2021-07-25 00:00:00,000;"mobile_web";"feed";"facebook";264;345;1,37;4;3;;"";;;;"";;
2021-07-25 00:00:00,000;"mobile_app";"instagram_explore";"All";593;593;1,33;4;3;;"";;;;"";;
2021-07-25 00:00:00,000;"mobile_app";"instagram_explore";"instagram";593;593;1,33;4;3;;"";;;;"";;
2021-07-24 00:00:00,000;"mobile_app";"instagram_explore";"All";388;409;1;1;1;;"";;;;"";;
2021-07-24 00:00:00,000;"mobile_app";"instagram_explore";"instagram";388;409;1;1;1;;"";;;;"";;
2021-07-24 00:00:00,000;"desktop";"All";"All";144;208;1,04;3;3;;"";;;;"";;
2021-07-24 00:00:00,000;"desktop";"feed";"All";132;165;0,96;3;3;;"";;;;"";;
2021-07-24 00:00:00,000;"desktop";"feed";"facebook";132;165;0,96;3;3;;"";;;;"";;
2021-07-23 00:00:00,000;"desktop";"All";"All";184;232;1,53;2;1;;"";;;;"";;
2021-07-23 00:00:00,000;"desktop";"feed";"All";176;200;1,46;2;1;;"";;;;"";;
2021-07-23 00:00:00,000;"desktop";"feed";"facebook";176;200;1,46;2;1;;"";;;;"";;
2021-07-23 00:00:00,000;"mobile_app";"instagram_explore";"All";552;586;1,88;3;1;;"";;;;"";;
2021-07-23 00:00:00,000;"mobile_app";"instagram_explore";"instagram";552;586;1,88;3;1;;"";;;;"";;
2021-07-23 00:00:00,000;"mobile_web";"All";"All";172;236;0,92;2;2;;"";;;;"";;
2021-07-23 00:00:00,000;"mobile_web";"feed";"All";172;236;0,92;2;2;;"";;;;"";;
2021-07-23 00:00:00,000;"mobile_web";"feed";"facebook";172;236;0,92;2;2;;"";;;;"";;
2021-07-22 00:00:00,000;"mobile_app";"video_feeds";"All";336;340;0,86;1;1;;"";;;;"";;
2021-07-22 00:00:00,000;"mobile_app";"video_feeds";"facebook";336;340;0,86;1;1;;"";;;;"";;
2021-07-21 00:00:00,000;"mobile_web";"All";"All";176;251;0,91;2;2;;"";;;;"";;
2021-07-21 00:00:00,000;"mobile_web";"feed";"All";176;251;0,91;2;2;;"";;;;"";;
2021-07-21 00:00:00,000;"mobile_web";"feed";"facebook";176;251;0,91;2;2;;"";;;;"";;
2021-07-21 00:00:00,000;"mobile_app";"facebook_stories";"All";8;17;0,11;1;1;;"";;;;"";;
2021-07-21 00:00:00,000;"mobile_app";"facebook_stories";"facebook";8;17;0,11;1;1;;"";;;;"";;
2021-07-20 00:00:00,000;"mobile_web";"All";"All";148;200;0,88;2;1;;"";;;;"";;
2021-07-20 00:00:00,000;"mobile_web";"feed";"All";148;200;0,88;2;1;;"";;;;"";;
2021-07-20 00:00:00,000;"mobile_web";"feed";"facebook";148;200;0,88;2;1;;"";;;;"";;
2021-07-20 00:00:00,000;"mobile_app";"instagram_explore";"All";232;273;1,04;1;1;;"";;;;"";;
2021-07-20 00:00:00,000;"mobile_app";"instagram_explore";"instagram";232;273;1,04;1;1;;"";;;;"";;
2021-07-19 00:00:00,000;"mobile_app";"instagram_stories";"All";4904;4904;10,07;13;10;;"";;;;"";;
2021-07-19 00:00:00,000;"mobile_app";"instagram_stories";"instagram";4904;4904;10,07;13;10;;"";;;;"";;
2021-07-19 00:00:00,000;"mobile_app";"video_feeds";"All";324;354;0,85;1;1;;"";;;;"";;
2021-07-19 00:00:00,000;"mobile_app";"video_feeds";"facebook";324;354;0,85;1;1;;"";;;;"";;
2021-07-19 00:00:00,000;"mobile_web";"All";"All";128;196;0,69;2;2;;"";;;;"";;
2021-07-19 00:00:00,000;"mobile_web";"feed";"All";128;196;0,69;2;2;;"";;;;"";;
2021-07-19 00:00:00,000;"mobile_web";"feed";"facebook";128;196;0,69;2;2;;"";;;;"";;
2021-07-18 00:00:00,000;"desktop";"All";"All";408;485;3,12;3;3;;"";;;;"";;
2021-07-18 00:00:00,000;"desktop";"feed";"All";408;466;3,1;3;3;;"";;;;"";;
2021-07-18 00:00:00,000;"desktop";"feed";"facebook";408;466;3,1;3;3;;"";;;;"";;
2021-07-18 00:00:00,000;"mobile_app";"video_feeds";"All";926;926;1,89;2;2;;"";;;;"";;
2021-07-18 00:00:00,000;"mobile_app";"video_feeds";"facebook";926;926;1,89;2;2;;"";;;;"";;
2021-07-18 00:00:00,000;"mobile_web";"All";"All";304;379;1,42;2;1;;"";;;;"";;
2021-07-18 00:00:00,000;"mobile_web";"feed";"All";304;379;1,42;2;1;;"";;;;"";;
2021-07-18 00:00:00,000;"mobile_web";"feed";"facebook";304;379;1,42;2;1;;"";;;;"";;
2021-07-17 00:00:00,000;"mobile_web";"All";"All";280;380;1,14;4;4;;"";;;;"";;
2021-07-17 00:00:00,000;"mobile_web";"feed";"All";280;380;1,14;4;4;;"";;;;"";;
2021-07-17 00:00:00,000;"mobile_web";"feed";"facebook";280;380;1,14;4;4;;"";;;;"";;
2021-07-17 00:00:00,000;"mobile_app";"instagram_stories";"All";7849;7849;13,72;19;17;;"";;;;"";;
2021-07-17 00:00:00,000;"mobile_app";"instagram_stories";"instagram";7849;7849;13,72;19;17;;"";;;;"";;
2021-07-16 00:00:00,000;"mobile_app";"instream_video";"All";;2;0,02;1;1;;"";;;;"";;
2021-07-16 00:00:00,000;"mobile_app";"instream_video";"facebook";;2;0,02;1;1;;"";;;;"";;
2021-07-15 00:00:00,000;"mobile_web";"All";"All";256;359;1,4;3;3;;"";;;;"";;
2021-07-15 00:00:00,000;"mobile_web";"feed";"All";256;359;1,4;3;3;;"";;;;"";;
2021-07-15 00:00:00,000;"mobile_web";"feed";"facebook";256;359;1,4;3;3;;"";;;;"";;
2021-07-14 00:00:00,000;"mobile_app";"marketplace";"All";12;16;0,03;1;1;;"";;;;"";;
2021-07-14 00:00:00,000;"mobile_app";"marketplace";"facebook";12;16;0,03;1;1;;"";;;;"";;
2021-07-14 00:00:00,000;"mobile_app";"instagram_stories";"All";1044;1134;2,06;5;5;;"";;;;"";;
2021-07-14 00:00:00,000;"mobile_app";"instagram_stories";"instagram";1044;1134;2,06;5;5;;"";;;;"";;
2021-07-14 00:00:00,000;"mobile_web";"All";"All";140;199;0,54;1;1;;"";;;;"";;
2021-07-14 00:00:00,000;"mobile_web";"feed";"All";140;199;0,54;1;1;;"";;;;"";;
2021-07-14 00:00:00,000;"mobile_web";"feed";"facebook";140;199;0,54;1;1;;"";;;;"";;
2021-07-10 00:00:00,000;"mobile_app";"instagram_explore";"All";215;215;0,5;2;1;;"";;;;"";;
2021-07-10 00:00:00,000;"mobile_app";"instagram_explore";"instagram";215;215;0,5;2;1;;"";;;;"";;
2021-07-10 00:00:00,000;"mobile_app";"video_feeds";"All";332;366;0,88;2;1;;"";;;;"";;
2021-07-10 00:00:00,000;"mobile_app";"video_feeds";"facebook";332;366;0,88;2;1;;"";;;;"";;
2021-07-09 00:00:00,000;"desktop";"All";"All";152;216;1,13;2;2;;"";;;;"";;
2021-07-09 00:00:00,000;"desktop";"feed";"All";148;175;1,04;2;2;;"";;;;"";;
2021-07-09 00:00:00,000;"desktop";"feed";"facebook";148;175;1,04;2;2;;"";;;;"";;
2021-07-08 00:00:00,000;"mobile_app";"facebook_stories";"All";60;63;0,39;2;2;;"";;;;"";;
2021-07-08 00:00:00,000;"mobile_app";"facebook_stories";"facebook";60;63;0,39;2;2;;"";;;;"";;
2021-07-07 00:00:00,000;"mobile_app";"facebook_stories";"All";28;29;0,15;2;2;;"";;;;"";;
2021-07-07 00:00:00,000;"mobile_app";"facebook_stories";"facebook";28;29;0,15;2;2;;"";;;;"";;
2021-07-07 00:00:00,000;"mobile_app";"video_feeds";"All";852;888;1,55;5;5;;"";;;;"";;
2021-07-07 00:00:00,000;"mobile_app";"video_feeds";"facebook";852;888;1,55;5;5;;"";;;;"";;
2021-07-07 00:00:00,000;"mobile_app";"instagram_explore";"All";168;183;0,6;1;1;;"";;;;"";;
2021-07-07 00:00:00,000;"mobile_app";"instagram_explore";"instagram";168;183;0,6;1;1;;"";;;;"";;
2021-07-07 00:00:00,000;"desktop";"All";"All";212;231;1,76;2;2;;"";;;;"";;
2021-07-07 00:00:00,000;"desktop";"feed";"All";212;231;1,76;2;2;;"";;;;"";;
2021-07-07 00:00:00,000;"desktop";"feed";"facebook";212;231;1,76;2;2;;"";;;;"";;
2021-07-06 00:00:00,000;"mobile_app";"video_feeds";"All";733;733;1,78;2;2;;"";;;;"";;
2021-07-06 00:00:00,000;"mobile_app";"video_feeds";"facebook";733;733;1,78;2;2;;"";;;;"";;
2021-07-06 00:00:00,000;"mobile_app";"instagram_stories";"All";3960;4015;4,85;9;7;;"";;;;"";;
2021-07-06 00:00:00,000;"mobile_app";"instagram_stories";"instagram";3960;4015;4,85;9;7;;"";;;;"";;
2021-07-05 00:00:00,000;"mobile_app";"instagram_explore";"All";184;184;0,33;1;1;;"";;;;"";;
2021-07-05 00:00:00,000;"mobile_app";"instagram_explore";"instagram";184;184;0,33;1;1;;"";;;;"";;
2021-07-04 00:00:00,000;"mobile_app";"instagram_stories";"All";2392;2524;2,72;10;6;;"";;;;"";;
2021-07-04 00:00:00,000;"mobile_app";"instagram_stories";"instagram";2392;2524;2,72;10;6;;"";;;;"";;
2021-07-03 00:00:00,000;"mobile_app";"video_feeds";"All";657;657;0,98;5;4;;"";;;;"";;
2021-07-03 00:00:00,000;"mobile_app";"video_feeds";"facebook";657;657;0,98;5;4;;"";;;;"";;
2021-07-02 00:00:00,000;"mobile_web";"All";"All";72;120;0,31;1;1;;"";;;;"";;
2021-07-02 00:00:00,000;"mobile_web";"feed";"All";72;120;0,31;1;1;;"";;;;"";;
2021-07-02 00:00:00,000;"mobile_web";"feed";"facebook";72;120;0,31;1;1;;"";;;;"";;
2021-07-02 00:00:00,000;"mobile_app";"instagram_explore";"All";477;477;0,64;6;6;;"";;;;"";;
2021-07-02 00:00:00,000;"mobile_app";"instagram_explore";"instagram";477;477;0,64;6;6;;"";;;;"";;
2021-07-01 00:00:00,000;"mobile_web";"All";"All";68;92;0,27;1;1;;"";;;;"";;
2021-07-01 00:00:00,000;"mobile_web";"feed";"All";68;92;0,27;1;1;;"";;;;"";;
2021-07-01 00:00:00,000;"mobile_web";"feed";"facebook";68;92;0,27;1;1;;"";;;;"";;
2021-07-01 00:00:00,000;"mobile_app";"instagram_explore";"All";81;81;0,07;2;2;;"";;;;"";;
2021-07-01 00:00:00,000;"mobile_app";"instagram_explore";"instagram";81;81;0,07;2;2;;"";;;;"";;
2021-07-01 00:00:00,000;"mobile_app";"video_feeds";"All";200;215;0,29;6;5;;"";;;;"";;
2021-07-01 00:00:00,000;"mobile_app";"video_feeds";"facebook";200;215;0,29;6;5;;"";;;;"";;
2021-07-30 00:00:00,000;"mobile_web";"All";"All";132;193;0,71;2;3;;"";1;65,9;1;"";;
2021-07-30 00:00:00,000;"mobile_web";"feed";"All";132;193;0,71;2;3;;"";1;65,9;1;"";;
2021-07-30 00:00:00,000;"mobile_web";"feed";"facebook";132;193;0,71;2;3;;"";1;65,9;1;"";;
2021-07-30 00:00:00,000;"mobile_app";"feed";"instagram";4364;4665;30,1;37;34;;"";6;634,8;5;"";;
2021-07-29 00:00:00,000;"desktop";"All";"All";276;283;2,29;3;3;;"";3;269,4;2;"";;
2021-07-29 00:00:00,000;"desktop";"feed";"All";269;269;2,27;3;3;;"";3;269,4;2;"";;
2021-07-29 00:00:00,000;"desktop";"feed";"facebook";269;269;2,27;3;3;;"";3;269,4;2;"";;
2021-07-29 00:00:00,000;"mobile_app";"feed";"instagram";4168;4335;29,13;38;35;;"";4;454,8;4;"";;
2021-07-29 00:00:00,000;"mobile_app";"instagram_stories";"All";1748;1907;6,06;10;10;;"";2;56,81;1;"";;
2021-07-29 00:00:00,000;"mobile_app";"instagram_stories";"instagram";1748;1907;6,06;10;10;;"";2;56,81;1;"";;
2021-07-29 00:00:00,000;"mobile_app";"video_feeds";"All";364;454;1,62;4;2;;"";1;63,9;1;"";;
2021-07-29 00:00:00,000;"mobile_app";"video_feeds";"facebook";364;454;1,62;4;2;;"";1;63,9;1;"";;
2021-07-28 00:00:00,000;"desktop";"All";"All";170;214;1,81;2;2;;"";4;547,1;2;"";;
2021-07-28 00:00:00,000;"desktop";"feed";"All";168;208;1,81;2;2;;"";4;547,1;2;"";;
2021-07-28 00:00:00,000;"desktop";"feed";"facebook";168;208;1,81;2;2;;"";4;547,1;2;"";;
2021-07-28 00:00:00,000;"mobile_app";"instagram_explore";"All";250;262;1,14;2;2;;"";2;191,7;1;"";;
2021-07-28 00:00:00,000;"mobile_app";"instagram_explore";"instagram";250;262;1,14;2;2;;"";2;191,7;1;"";;
2021-07-27 00:00:00,000;"desktop";"All";"All";324;453;2,6;5;5;;"";8;1117;2;"";;
2021-07-27 00:00:00,000;"desktop";"feed";"All";288;326;2,48;5;5;;"";8;1117;2;"";;
2021-07-27 00:00:00,000;"desktop";"feed";"facebook";288;326;2,48;5;5;;"";8;1117;2;"";;
2021-07-26 00:00:00,000;"mobile_app";"instagram_stories";"All";4420;4670;11,28;10;10;;"";2;139,7;2;"";;
2021-07-26 00:00:00,000;"mobile_app";"instagram_stories";"instagram";4420;4670;11,28;10;10;;"";2;139,7;2;"";;
2021-07-26 00:00:00,000;"desktop";"All";"All";440;601;4,02;8;2;;"";7;578,2;3;"";;
2021-07-26 00:00:00,000;"desktop";"feed";"All";412;468;3,77;7;2;;"";7;578,2;3;"";;
2021-07-26 00:00:00,000;"desktop";"feed";"facebook";412;468;3,77;7;2;;"";7;578,2;3;"";;
2021-07-25 00:00:00,000;"desktop";"All";"All";340;457;2,66;11;11;;"";16;3603;8;"";;
2021-07-25 00:00:00,000;"desktop";"feed";"All";324;362;2,49;10;10;;"";16;3603;8;"";;
2021-07-25 00:00:00,000;"desktop";"feed";"facebook";324;362;2,49;10;10;;"";16;3603;8;"";;
2021-07-25 00:00:00,000;"mobile_app";"instagram_stories";"All";4708;4803;8,95;7;6;;"";6;506,9;2;"";;
2021-07-25 00:00:00,000;"mobile_app";"instagram_stories";"instagram";4708;4803;8,95;7;6;;"";6;506,9;2;"";;
2021-07-24 00:00:00,000;"mobile_app";"instagram_stories";"All";6920;7168;16,48;28;25;;"";3;119,6;2;"";;
2021-07-24 00:00:00,000;"mobile_app";"instagram_stories";"instagram";6920;7168;16,48;28;25;;"";3;119,6;2;"";;
2021-07-23 00:00:00,000;"mobile_app";"instagram_stories";"All";4032;4241;10,99;15;13;;"";11;1044,91;6;"";;
2021-07-23 00:00:00,000;"mobile_app";"instagram_stories";"instagram";4032;4241;10,99;15;13;;"";11;1044,91;6;"";;
2021-07-23 00:00:00,000;"mobile_app";"video_feeds";"All";196;196;0,59;;;;"";1;49,9;1;"";;
2021-07-23 00:00:00,000;"mobile_app";"video_feeds";"facebook";196;196;0,59;;;;"";1;49,9;1;"";;
2021-07-22 00:00:00,000;"mobile_app";"instagram_stories";"All";1952;2066;5,08;6;5;;"";1;39,9;1;"";;
2021-07-22 00:00:00,000;"mobile_app";"instagram_stories";"instagram";1952;2066;5,08;6;5;;"";1;39,9;1;"";;
2021-07-22 00:00:00,000;"mobile_app";"feed";"instagram";4980;5073;30,32;45;46;;"";13;1675,6;8;"";;
2021-07-21 00:00:00,000;"desktop";"All";"All";224;266;1,76;2;2;;"";1;39,9;1;"";;
2021-07-21 00:00:00,000;"desktop";"feed";"All";224;266;1,76;2;2;;"";1;39,9;1;"";;
2021-07-21 00:00:00,000;"desktop";"feed";"facebook";224;266;1,76;2;2;;"";1;39,9;1;"";;
2021-07-21 00:00:00,000;"mobile_app";"instagram_stories";"All";1292;1412;2,13;2;2;;"";3;309,4;2;"";;
2021-07-21 00:00:00,000;"mobile_app";"instagram_stories";"instagram";1292;1412;2,13;2;2;;"";3;309,4;2;"";;
2021-07-21 00:00:00,000;"mobile_app";"instagram_explore";"All";420;448;1,33;1;1;;"";1;29,9;1;"";;
2021-07-21 00:00:00,000;"mobile_app";"instagram_explore";"instagram";420;448;1,33;1;1;;"";1;29,9;1;"";;
2021-07-20 00:00:00,000;"desktop";"All";"All";168;239;2,35;2;2;;"";2;119,7;1;"";;
2021-07-20 00:00:00,000;"desktop";"feed";"All";164;192;2,26;2;2;;"";2;119,7;1;"";;
2021-07-20 00:00:00,000;"desktop";"feed";"facebook";164;192;2,26;2;2;;"";2;119,7;1;"";;
2021-07-20 00:00:00,000;"mobile_app";"instagram_stories";"All";4824;5047;13,31;13;11;;"";2;119,8;2;"";;
2021-07-20 00:00:00,000;"mobile_app";"instagram_stories";"instagram";4824;5047;13,31;13;11;;"";2;119,8;2;"";;
2021-07-19 00:00:00,000;"desktop";"All";"All";168;243;1,8;2;1;;"";4;618,4;3;"";;
2021-07-19 00:00:00,000;"desktop";"feed";"All";168;217;1,78;2;1;;"";4;618,4;3;"";;
2021-07-19 00:00:00,000;"desktop";"feed";"facebook";168;217;1,78;2;1;;"";4;618,4;3;"";;
2021-07-18 00:00:00,000;"mobile_app";"instagram_stories";"All";3816;4016;8,31;6;5;;"";15;2573,6;9;"";;
2021-07-18 00:00:00,000;"mobile_app";"instagram_stories";"instagram";3816;4016;8,31;6;5;;"";15;2573,6;9;"";;
2021-07-18 00:00:00,000;"mobile_app";"instagram_explore";"All";1368;1615;4,21;12;10;;"";13;3184,9;2;"";;
2021-07-18 00:00:00,000;"mobile_app";"instagram_explore";"instagram";1368;1615;4,21;12;10;;"";13;3184,9;2;"";;
2021-07-17 00:00:00,000;"desktop";"All";"All";160;270;1,31;1;1;;"";9;1117,1;3;"";;
2021-07-17 00:00:00,000;"desktop";"feed";"All";160;249;1,29;1;1;;"";9;1117,1;3;"";;
2021-07-17 00:00:00,000;"desktop";"feed";"facebook";160;249;1,29;1;1;;"";9;1117,1;3;"";;
2021-07-17 00:00:00,000;"mobile_app";"video_feeds";"All";995;995;2,12;3;2;;"";3;279,5;2;"";;
2021-07-17 00:00:00,000;"mobile_app";"video_feeds";"facebook";995;995;2,12;3;2;;"";3;279,5;2;"";;
2021-07-16 00:00:00,000;"desktop";"All";"All";216;266;1,59;3;3;;"";3;269,2;2;"";;
2021-07-16 00:00:00,000;"desktop";"feed";"All";216;257;1,58;3;3;;"";3;269,2;2;"";;
2021-07-16 00:00:00,000;"desktop";"feed";"facebook";216;257;1,58;3;3;;"";3;269,2;2;"";;
2021-07-15 00:00:00,000;"mobile_app";"instagram_explore";"All";625;625;1,58;3;3;;"";2;99,8;2;"";;
2021-07-15 00:00:00,000;"mobile_app";"instagram_explore";"instagram";625;625;1,58;3;3;;"";2;99,8;2;"";;
2021-07-15 00:00:00,000;"mobile_app";"instagram_stories";"All";1760;1946;4,77;11;9;;"";1;29,9;1;"";;
2021-07-15 00:00:00,000;"mobile_app";"instagram_stories";"instagram";1760;1946;4,77;11;9;;"";1;29,9;1;"";;
2021-07-15 00:00:00,000;"mobile_app";"video_feeds";"All";927;927;1,82;7;6;;"";1;49,9;1;"";;
2021-07-15 00:00:00,000;"mobile_app";"video_feeds";"facebook";927;927;1,82;7;6;;"";1;49,9;1;"";;
2021-07-14 00:00:00,000;"mobile_app";"video_feeds";"All";1172;1301;2,62;4;3;;"";3;119,6;2;"";;
2021-07-14 00:00:00,000;"mobile_app";"video_feeds";"facebook";1172;1301;2,62;4;3;;"";3;119,6;2;"";;
2021-07-14 00:00:00,000;"desktop";"All";"All";152;206;1,3;4;4;;"";8;1057,3;4;"";;
2021-07-14 00:00:00,000;"desktop";"feed";"All";152;206;1,3;4;4;;"";8;1057,3;4;"";;
2021-07-14 00:00:00,000;"desktop";"feed";"facebook";152;206;1,3;4;4;;"";8;1057,3;4;"";;
2021-07-13 00:00:00,000;"mobile_app";"feed";"instagram";2764;2796;12,37;40;36;;"";4;199,6;4;"";;
2021-07-13 00:00:00,000;"desktop";"All";"All";24;24;0,19;2;2;;"";1;29,9;1;"";;
2021-07-13 00:00:00,000;"desktop";"feed";"All";22;22;0,19;2;2;;"";1;29,9;1;"";;
2021-07-13 00:00:00,000;"desktop";"feed";"facebook";22;22;0,19;2;2;;"";1;29,9;1;"";;
2021-07-11 00:00:00,000;"mobile_app";"feed";"instagram";181;181;2,49;;;;"";8;698,2;3;"";;
2021-07-11 00:00:00,000;"mobile_app";"instagram_stories";"All";;;;;;;"";1;69,9;1;"";;
2021-07-11 00:00:00,000;"mobile_app";"instagram_stories";"instagram";;;;;;;"";1;69,9;1;"";;
2021-07-09 00:00:00,000;"mobile_web";"All";"All";140;210;1,06;2;2;;"";3;309,1;2;"";;
2021-07-09 00:00:00,000;"mobile_web";"feed";"All";140;210;1,06;2;2;;"";3;309,1;2;"";;
2021-07-09 00:00:00,000;"mobile_web";"feed";"facebook";140;210;1,06;2;2;;"";3;309,1;2;"";;
2021-07-09 00:00:00,000;"mobile_app";"video_feeds";"All";372;391;0,69;1;2;;"";5;897,5;2;"";;
2021-07-09 00:00:00,000;"mobile_app";"video_feeds";"facebook";372;391;0,69;1;2;;"";5;897,5;2;"";;
2021-07-08 00:00:00,000;"desktop";"All";"All";192;224;1,59;1;;;"";5;458,5;1;"";;
2021-07-08 00:00:00,000;"desktop";"feed";"All";192;224;1,59;1;;;"";5;458,5;1;"";;
2021-07-08 00:00:00,000;"desktop";"feed";"facebook";192;224;1,59;1;;;"";5;458,5;1;"";;
2021-07-08 00:00:00,000;"mobile_app";"marketplace";"All";8;33;0,12;1;1;;"";1;39,9;1;"";;
2021-07-08 00:00:00,000;"mobile_app";"marketplace";"facebook";8;33;0,12;1;1;;"";1;39,9;1;"";;
2021-07-08 00:00:00,000;"mobile_app";"instagram_stories";"All";2736;2774;6,77;14;9;;"";13;637,6;8;"";;
2021-07-08 00:00:00,000;"mobile_app";"instagram_stories";"instagram";2736;2774;6,77;14;9;;"";13;637,6;8;"";;
2021-07-08 00:00:00,000;"mobile_app";"feed";"instagram";4796;5396;37,03;55;49;;"";62;8149,1;26;"";;
2021-07-08 00:00:00,000;"mobile_app";"instagram_explore";"All";260;287;0,74;;;;"";5;409,4;4;"";;
2021-07-08 00:00:00,000;"mobile_app";"instagram_explore";"instagram";260;287;0,74;;;;"";5;409,4;4;"";;
2021-07-07 00:00:00,000;"mobile_web";"All";"All";128;171;0,87;1;1;;"";2;99,8;2;"";;
2021-07-07 00:00:00,000;"mobile_web";"feed";"All";128;171;0,87;1;1;;"";2;99,8;2;"";;
2021-07-07 00:00:00,000;"mobile_web";"feed";"facebook";128;171;0,87;1;1;;"";2;99,8;2;"";;
2021-07-06 00:00:00,000;"mobile_web";"All";"All";100;140;0,48;;;;"";1;49,9;1;"";;
2021-07-06 00:00:00,000;"mobile_web";"feed";"All";100;140;0,48;;;;"";1;49,9;1;"";;
2021-07-06 00:00:00,000;"mobile_web";"feed";"facebook";100;140;0,48;;;;"";1;49,9;1;"";;
2021-07-06 00:00:00,000;"desktop";"All";"All";220;240;1,99;;;;"";1;329,4;1;"";;
2021-07-06 00:00:00,000;"desktop";"feed";"All";220;240;1,99;;;;"";1;329,4;1;"";;
2021-07-06 00:00:00,000;"desktop";"feed";"facebook";220;240;1,99;;;;"";1;329,4;1;"";;
2021-07-05 00:00:00,000;"mobile_app";"video_feeds";"All";921;921;1,88;5;4;;"";12;1206,6;4;"";;
2021-07-05 00:00:00,000;"mobile_app";"video_feeds";"facebook";921;921;1,88;5;4;;"";12;1206,6;4;"";;
2021-07-05 00:00:00,000;"mobile_web";"All";"All";108;148;0,51;;;;"";1;49,9;1;"";;
2021-07-05 00:00:00,000;"mobile_web";"feed";"All";108;148;0,51;;;;"";1;49,9;1;"";;
2021-07-05 00:00:00,000;"mobile_web";"feed";"facebook";108;148;0,51;;;;"";1;49,9;1;"";;
2021-07-05 00:00:00,000;"desktop";"All";"All";228;256;1,69;5;5;;"";1;49,9;1;"";;
2021-07-05 00:00:00,000;"desktop";"feed";"All";228;256;1,69;5;5;;"";1;49,9;1;"";;
2021-07-05 00:00:00,000;"desktop";"feed";"facebook";228;256;1,69;5;5;;"";1;49,9;1;"";;
2021-07-04 00:00:00,000;"desktop";"All";"All";148;158;0,81;4;4;;"";2;105,1;2;"";;
2021-07-04 00:00:00,000;"desktop";"feed";"All";148;158;0,81;4;4;;"";2;105,1;2;"";;
2021-07-04 00:00:00,000;"desktop";"feed";"facebook";148;158;0,81;4;4;;"";2;105,1;2;"";;
2021-07-04 00:00:00,000;"mobile_web";"All";"All";92;129;0,42;3;3;;"";1;49,9;1;"";;
2021-07-04 00:00:00,000;"mobile_web";"feed";"All";92;129;0,42;3;3;;"";1;49,9;1;"";;
2021-07-04 00:00:00,000;"mobile_web";"feed";"facebook";92;129;0,42;3;3;;"";1;49,9;1;"";;
2021-07-04 00:00:00,000;"mobile_app";"video_feeds";"All";824;870;1,32;4;4;;"";2;129,7;2;"";;
2021-07-04 00:00:00,000;"mobile_app";"video_feeds";"facebook";824;870;1,32;4;4;;"";2;129,7;2;"";;
2021-07-03 00:00:00,000;"desktop";"All";"All";64;76;0,37;;;;"";2;349,3;1;"";;
2021-07-03 00:00:00,000;"desktop";"feed";"All";64;76;0,37;;;;"";2;349,3;1;"";;
2021-07-03 00:00:00,000;"desktop";"feed";"facebook";64;76;0,37;;;;"";2;349,3;1;"";;
2021-07-03 00:00:00,000;"mobile_app";"instagram_explore";"All";371;371;0,63;4;4;;"";1;39,9;1;"";;
2021-07-03 00:00:00,000;"mobile_app";"instagram_explore";"instagram";371;371;0,63;4;4;;"";1;39,9;1;"";;
2021-07-02 00:00:00,000;"desktop";"All";"All";64;90;0,4;2;2;;"";5;598,8;5;"";;
2021-07-02 00:00:00,000;"desktop";"feed";"All";64;90;0,4;2;2;;"";5;598,8;5;"";;
2021-07-02 00:00:00,000;"desktop";"feed";"facebook";64;90;0,4;2;2;;"";5;598,8;5;"";;
2021-07-02 00:00:00,000;"mobile_app";"video_feeds";"All";500;500;0,67;2;2;;"";1;298,6;1;"";;
2021-07-02 00:00:00,000;"mobile_app";"video_feeds";"facebook";500;500;0,67;2;2;;"";1;298,6;1;"";;
2021-07-01 00:00:00,000;"mobile_app";"instagram_stories";"All";1480;1480;1,2;7;6;;"";4;219,3;2;"";;
2021-07-01 00:00:00,000;"mobile_app";"instagram_stories";"instagram";1480;1480;1,2;7;6;;"";4;219,3;2;"";;
2021-07-31 00:00:00,000;"mobile_app";"instagram_explore";"All";236;236;1,47;1;1;1;"";5;249,2;4;"";79,8;1
2021-07-31 00:00:00,000;"mobile_app";"instagram_explore";"instagram";236;236;1,47;1;1;1;"";5;249,2;4;"";79,8;1
2021-07-31 00:00:00,000;"mobile_app";"instagram_stories";"All";3588;3868;11,36;22;17;1;"";2;191,7;1;"";157,19;1
2021-07-31 00:00:00,000;"mobile_app";"instagram_stories";"instagram";3588;3868;11,36;22;17;1;"";2;191,7;1;"";157,19;1
2021-07-28 00:00:00,000;"mobile_app";"video_feeds";"All";246;246;0,85;7;6;1;"";5;515,2;2;"";147,8;1
2021-07-28 00:00:00,000;"mobile_app";"video_feeds";"facebook";246;246;0,85;7;6;1;"";5;515,2;2;"";147,8;1
2021-07-28 00:00:00,000;"mobile_app";"instagram_stories";"All";1036;1103;4,94;8;7;2;"";12;1089,6;8;"";199,6;2
2021-07-28 00:00:00,000;"mobile_app";"instagram_stories";"instagram";1036;1103;4,94;8;7;2;"";12;1089,6;8;"";199,6;2
2021-07-27 00:00:00,000;"mobile_app";"instagram_stories";"All";2540;2571;10,48;7;6;1;"";9;646,9;7;"";65,9;1
2021-07-27 00:00:00,000;"mobile_app";"instagram_stories";"instagram";2540;2571;10,48;7;6;1;"";9;646,9;7;"";65,9;1
2021-07-22 00:00:00,000;"mobile_app";"instagram_explore";"All";493;493;1,45;5;5;1;"";8;797,8;4;"";109,7;1
2021-07-22 00:00:00,000;"mobile_app";"instagram_explore";"instagram";493;493;1,45;5;5;1;"";8;797,8;4;"";109,7;1
2021-07-17 00:00:00,000;"mobile_app";"facebook_stories";"All";64;64;0,5;3;3;2;"";3;179,6;2;"";79,8;2
2021-07-17 00:00:00,000;"mobile_app";"facebook_stories";"facebook";64;64;0,5;3;3;2;"";3;179,6;2;"";79,8;2
2021-07-17 00:00:00,000;"mobile_app";"instagram_explore";"All";1800;1901;4,17;12;11;1;"";;;;"";149,6;1
2021-07-17 00:00:00,000;"mobile_app";"instagram_explore";"instagram";1800;1901;4,17;12;11;1;"";;;;"";149,6;1
2021-07-16 00:00:00,000;"mobile_app";"instagram_explore";"All";856;903;2,53;4;4;2;"";8;648;4;"";299,2;2
2021-07-16 00:00:00,000;"mobile_app";"instagram_explore";"instagram";856;903;2,53;4;4;2;"";8;648;4;"";299,2;2
2021-07-16 00:00:00,000;"mobile_app";"instagram_stories";"All";6296;6379;8,11;14;11;2;"";;;;"";198;2
2021-07-16 00:00:00,000;"mobile_app";"instagram_stories";"instagram";6296;6379;8,11;14;11;2;"";;;;"";198;2
2021-07-16 00:00:00,000;"mobile_app";"video_feeds";"All";1152;1309;3,51;6;5;1;"";11;1505,7;7;"";219,4;1
2021-07-16 00:00:00,000;"mobile_app";"video_feeds";"facebook";1152;1309;3,51;6;5;1;"";11;1505,7;7;"";219,4;1
2021-07-14 00:00:00,000;"mobile_app";"instagram_explore";"All";524;524;1,15;5;4;2;"";12;976,9;5;"";239,3;2
2021-07-14 00:00:00,000;"mobile_app";"instagram_explore";"instagram";524;524;1,15;5;4;2;"";12;976,9;5;"";239,3;2
2021-07-13 00:00:00,000;"mobile_app";"instagram_explore";"All";78;91;0,28;3;2;1;"";8;618;3;"";139,6;1
2021-07-13 00:00:00,000;"mobile_app";"instagram_explore";"instagram";78;91;0,28;3;2;1;"";8;618;3;"";139,6;1
2021-07-13 00:00:00,000;"mobile_app";"instagram_stories";"All";712;734;1,64;4;4;1;"";5;448,8;3;"";119,7;1
2021-07-13 00:00:00,000;"mobile_app";"instagram_stories";"instagram";712;734;1,64;4;4;1;"";5;448,8;3;"";119,7;1
2021-07-10 00:00:00,000;"mobile_app";"instagram_stories";"All";3040;3073;4,91;8;7;1;"";;;;"";259,3;1
2021-07-10 00:00:00,000;"mobile_app";"instagram_stories";"instagram";3040;3073;4,91;8;7;1;"";;;;"";259,3;1
2021-07-09 00:00:00,000;"mobile_app";"instagram_stories";"All";1420;1539;3,82;7;7;2;"";38;5622,5;15;"";498,6;2
2021-07-09 00:00:00,000;"mobile_app";"instagram_stories";"instagram";1420;1539;3,82;7;7;2;"";38;5622,5;15;"";498,6;2
2021-07-07 00:00:00,000;"mobile_app";"instagram_stories";"All";2624;2705;3,63;10;9;2;"";7;468,8;6;"";148,51;2
2021-07-07 00:00:00,000;"mobile_app";"instagram_stories";"instagram";2624;2705;3,63;10;9;2;"";7;468,8;6;"";148,51;2
2021-07-05 00:00:00,000;"mobile_app";"instagram_stories";"All";3147;3147;3,89;6;7;3;"";5;359,5;5;"";154,7;3
2021-07-05 00:00:00,000;"mobile_app";"instagram_stories";"instagram";3147;3147;3,89;6;7;3;"";5;359,5;5;"";154,7;3
2021-07-03 00:00:00,000;"mobile_app";"instagram_stories";"All";1212;1212;2,2;9;7;1;"";12;1017;6;"";109,8;1
2021-07-03 00:00:00,000;"mobile_app";"instagram_stories";"instagram";1212;1212;2,2;9;7;1;"";12;1017;6;"";109,8;1
2021-07-02 00:00:00,000;"mobile_app";"instagram_stories";"All";3032;3225;3,58;13;12;2;"";9;558,7;9;"";139,7;2
2021-07-02 00:00:00,000;"mobile_app";"instagram_stories";"instagram";3032;3225;3,58;13;12;2;"";9;558,7;9;"";139,7;2
2021-07-31 00:00:00,000;"All";"All";"All";12440;16114;72,66;141;101;6;"";48;5277,8;30;"";853,59;6
2021-07-31 00:00:00,000;"mobile_app";"All";"All";12236;15679;70,62;136;98;6;"";48;5277,8;30;"";853,59;6
2021-07-30 00:00:00,000;"All";"All";"All";13336;16600;84,94;192;145;4;"";29;2365,2;23;"";475,1;4
2021-07-30 00:00:00,000;"mobile_app";"All";"All";13092;16218;82,87;189;141;4;"";28;2299,3;22;"";475,1;4
2021-07-29 00:00:00,000;"All";"All";"All";10968;14099;79,94;173;132;5;"";35;3131,31;24;"";475;5
2021-07-29 00:00:00,000;"mobile_app";"All";"All";10648;13660;77,03;169;129;5;"";32;2861,91;22;"";475;5
2021-07-28 00:00:00,000;"All";"All";"All";8270;11589;78,28;212;161;13;"";84;7937,1;61;"";1428,3;13
2021-07-28 00:00:00,000;"mobile_app";"All";"All";8096;11276;75,96;209;158;13;"";80;7390;59;"";1428,3;13
2021-07-27 00:00:00,000;"All";"All";"All";11512;13312;56,95;88;67;9;"";102;10598,46;63;"";1090,01;9
2021-07-27 00:00:00,000;"mobile_app";"All";"All";11156;12717;54;82;61;9;"";94;9481,46;61;"";1090,01;9
2021-07-26 00:00:00,000;"All";"All";"All";21276;26410;100,25;176;129;8;"";59;5166,4;41;"";820,2;8
2021-07-26 00:00:00,000;"mobile_web";"All";"All";212;268;0,97;;;1;"";;;;"";69,8;1
2021-07-26 00:00:00,000;"mobile_app";"All";"All";20788;25541;95,26;168;127;7;"";52;4588,2;38;"";750,4;7
2021-07-25 00:00:00,000;"All";"All";"All";21836;27487;98,18;156;126;5;"";94;11937;50;"";625,31;5
2021-07-25 00:00:00,000;"mobile_app";"All";"All";21420;26685;94,15;141;112;5;"";78;8334;42;"";625,31;5
2021-07-24 00:00:00,000;"All";"All";"All";20288;24841;96,65;179;148;5;"";88;9832,21;51;"";977,53;5
2021-07-24 00:00:00,000;"mobile_app";"All";"All";20144;24466;94,93;176;145;5;"";88;9832,21;51;"";977,53;5
2021-07-23 00:00:00,000;"All";"All";"All";17572;23818;104,29;185;152;5;"";90;7814,01;58;"";557,1;5
2021-07-23 00:00:00,000;"mobile_app";"All";"All";17348;23350;101,84;181;149;5;"";90;7814,01;58;"";557,1;5
2021-07-22 00:00:00,000;"All";"All";"All";16852;22128;96,71;163;131;3;"";39;3830;26;"";381,81;3
2021-07-22 00:00:00,000;"mobile_app";"All";"All";16556;21558;94,15;163;131;3;"";39;3830;26;"";381,81;3
2021-07-21 00:00:00,000;"All";"All";"All";16588;21226;94,68;168;130;3;"";39;3441,7;24;"";309,1;3
2021-07-21 00:00:00,000;"mobile_app";"All";"All";16264;20709;92,01;164;126;3;"";38;3401,8;23;"";309,1;3
2021-07-20 00:00:00,000;"All";"All";"All";16264;20593;99,43;166;130;10;"";94;16970,81;51;"";1783,31;10
2021-07-20 00:00:00,000;"mobile_app";"All";"All";16032;20154;96,2;162;127;10;"";92;16851,11;50;"";1783,31;10
2021-07-19 00:00:00,000;"All";"All";"All";19148;25714;117,15;231;179;8;"";106;13551,9;68;"";608,4;8
2021-07-19 00:00:00,000;"mobile_app";"All";"All";18944;25275;114,66;227;176;8;"";102;12933,5;65;"";608,4;8
2021-07-18 00:00:00,000;"All";"All";"All";36200;48430;196,33;373;303;3;"";80;10160,21;50;"";321,7;3
2021-07-18 00:00:00,000;"mobile_app";"All";"All";35704;47566;191,79;368;299;3;"";80;10160,21;50;"";321,7;3
2021-07-17 00:00:00,000;"All";"All";"All";37216;49688;192,42;417;332;11;"";160;14712,51;101;"";1178,41;11
2021-07-17 00:00:00,000;"mobile_app";"All";"All";36912;49038;189,97;412;327;11;"";151;13595,41;98;"";1178,41;11
2021-07-16 00:00:00,000;"All";"All";"All";34424;48901;207,95;528;406;12;"";192;21953,6;117;"";1606;12
2021-07-16 00:00:00,000;"mobile_app";"All";"All";34032;48202;204,79;523;403;12;"";189;21684,4;115;"";1606;12
2021-07-15 00:00:00,000;"All";"All";"All";25952;39361;189,6;541;439;15;"";164;17313,7;101;"";2004,51;15
2021-07-15 00:00:00,000;"mobile_app";"All";"All";25624;38656;185,07;534;433;14;"";157;16745;94;"";1914,61;14
2021-07-15 00:00:00,000;"desktop";"All";"All";312;346;3,13;4;3;1;"";7;568,7;7;"";89,9;1
2021-07-14 00:00:00,000;"All";"All";"All";15436;23475;94,33;346;288;19;"";158;15839,3;88;"";2019,41;19
2021-07-14 00:00:00,000;"mobile_app";"All";"All";15216;23070;92,49;341;283;19;"";150;14782;84;"";2019,41;19
2021-07-13 00:00:00,000;"All";"All";"All";5886;6670;32,17;118;92;3;"";40;3451,3;27;"";309,2;3
2021-07-13 00:00:00,000;"mobile_app";"All";"All";5834;6601;31,81;116;90;3;"";39;3421,4;26;"";309,2;3
2021-07-12 00:00:00,000;"All";"All";"All";;;;;;2;"";23;2243,9;14;"";349,1;2
2021-07-12 00:00:00,000;"mobile_app";"All";"All";;;;;;2;"";23;2243,9;14;"";349,1;2
2021-07-11 00:00:00,000;"All";"All";"All";192;194;2,5;;;3;"";34;3192,5;16;"";379,1;3
2021-07-11 00:00:00,000;"mobile_app";"All";"All";192;194;2,5;;;3;"";34;3192,5;16;"";379,1;3
2021-07-10 00:00:00,000;"All";"All";"All";21052;29280;109,77;266;207;16;"";127;13577,3;79;"";2283,6;16
2021-07-10 00:00:00,000;"mobile_app";"All";"All";20828;28779;107,79;266;207;16;"";127;13577,3;79;"";2283,6;16
2021-07-09 00:00:00,000;"All";"All";"All";12956;21516;117,71;362;308;23;"";306;31732,16;175;"";2882,13;23
2021-07-09 00:00:00,000;"mobile_app";"All";"All";12756;21090;115,52;358;304;23;"";303;31423,06;173;"";2882,13;23
2021-07-08 00:00:00,000;"All";"All";"All";16232;21441;112,92;262;216;2;"";118;11947,7;65;"";238,8;2
2021-07-08 00:00:00,000;"mobile_app";"All";"All";16024;21067;110,31;261;216;2;"";113;11489,2;64;"";238,8;2
2021-07-07 00:00:00,000;"All";"All";"All";18016;23033;107,85;317;258;12;"";79;8839,12;57;"";1355,41;12
2021-07-07 00:00:00,000;"mobile_app";"All";"All";17764;22631;105,22;314;255;12;"";77;8739,32;55;"";1355,41;12
2021-07-06 00:00:00,000;"All";"All";"All";21488;26275;109,98;333;273;10;"";96;8787,2;61;"";618,5;10
2021-07-06 00:00:00,000;"mobile_app";"All";"All";21252;25895;107,51;333;273;10;"";94;8407,9;59;"";618,5;10
2021-07-05 00:00:00,000;"All";"All";"All";22052;27955;110,34;482;401;16;"";159;15678,9;96;"";1673,71;16
2021-07-05 00:00:00,000;"mobile_app";"All";"All";21820;27551;108,14;477;396;16;"";157;15579,1;94;"";1673,71;16
2021-07-04 00:00:00,000;"All";"All";"All";19816;27142;105,58;531;440;12;"";157;15004,5;103;"";1077,4;12
2021-07-04 00:00:00,000;"mobile_app";"All";"All";19660;26855;104,35;524;433;12;"";154;14849,5;100;"";1077,4;12
2021-07-03 00:00:00,000;"All";"All";"All";23216;28687;109,8;652;526;11;"";168;14979,3;105;"";1013,71;11
2021-07-03 00:00:00,000;"mobile_app";"All";"All";23128;28517;109,2;652;526;11;"";166;14630;104;"";1013,71;11
2021-07-02 00:00:00,000;"All";"All";"All";23320;31795;93,12;715;609;20;"";189;12954,5;133;"";1671,1;20
2021-07-02 00:00:00,000;"mobile_app";"All";"All";23248;31585;92,41;712;606;20;"";184;12355,7;128;"";1671,1;20
2021-07-01 00:00:00,000;"All";"All";"All";13068;16063;52,95;458;398;21;"";181;13460,21;117;"";1837,62;21
2021-07-01 00:00:00,000;"mobile_app";"All";"All";12956;15911;52,32;456;397;21;"";181;13460,21;117;"";1837,62;21
2021-07-26 00:00:00,000;"mobile_web";"feed";"All";212;268;0,97;;;1;"";;;;"";69,8;1
2021-07-26 00:00:00,000;"mobile_web";"feed";"facebook";212;268;0,97;;;1;"";;;;"";69,8;1
2021-07-15 00:00:00,000;"desktop";"feed";"All";304;332;3,11;4;3;1;"";7;568,7;7;"";89,9;1
2021-07-15 00:00:00,000;"desktop";"feed";"facebook";304;332;3,11;4;3;1;"";7;568,7;7;"";89,9;1
2021-07-31 00:00:00,000;"mobile_app";"feed";"All";8748;11407;57,36;112;80;4;"";41;4836,9;25;"";616,6;4
2021-07-31 00:00:00,000;"mobile_app";"feed";"facebook";5848;7223;28,45;93;63;3;"";28;3522,3;19;"";546,7;3
2021-07-31 00:00:00,000;"mobile_app";"feed";"instagram";3788;4184;28,91;19;17;1;"";13;1314,6;6;"";69,9;1
2021-07-30 00:00:00,000;"mobile_app";"feed";"All";9676;12274;72,38;166;124;4;"";28;2299,3;22;"";475,1;4
2021-07-30 00:00:00,000;"mobile_app";"feed";"facebook";6220;7609;42,28;129;90;4;"";22;1664,5;17;"";475,1;4
2021-07-29 00:00:00,000;"mobile_app";"feed";"All";8588;10910;67,79;154;117;5;"";29;2741,2;20;"";475;5
2021-07-29 00:00:00,000;"mobile_app";"feed";"facebook";5316;6575;38,66;116;82;5;"";25;2286,4;16;"";475;5
2021-07-28 00:00:00,000;"mobile_app";"feed";"All";6868;9646;68,9;192;143;10;"";61;5593,5;48;"";1080,9;10
2021-07-28 00:00:00,000;"mobile_app";"feed";"instagram";3432;3835;28,58;46;43;3;"";35;4089,3;29;"";409,2;3
2021-07-28 00:00:00,000;"mobile_app";"feed";"facebook";4206;5811;40,32;146;100;7;"";26;1504,2;19;"";671,7;7
2021-07-27 00:00:00,000;"mobile_app";"feed";"All";8464;9771;41,81;74;55;8;"";85;8834,56;54;"";1024,11;8
2021-07-27 00:00:00,000;"mobile_app";"feed";"instagram";4744;4990;20,73;33;26;1;"";13;1019,9;9;"";89,8;1
2021-07-27 00:00:00,000;"mobile_app";"feed";"facebook";4184;4781;21,08;41;29;7;"";72;7814,66;45;"";934,31;7
2021-07-26 00:00:00,000;"mobile_app";"feed";"All";16132;19953;81,8;155;115;7;"";50;4448,5;36;"";750,4;7
2021-07-26 00:00:00,000;"mobile_app";"feed";"facebook";8840;10887;43,95;107;71;4;"";26;1944,6;18;"";411,1;4
2021-07-26 00:00:00,000;"mobile_app";"feed";"instagram";8528;9066;37,85;48;44;3;"";24;2503,9;18;"";339,3;3
2021-07-25 00:00:00,000;"mobile_app";"feed";"All";16548;21153;83,56;130;103;5;"";72;7827,1;40;"";625,31;5
2021-07-25 00:00:00,000;"mobile_app";"feed";"facebook";8676;11475;49,11;90;67;4;"";36;3728,5;23;"";555,41;4
2021-07-25 00:00:00,000;"mobile_app";"feed";"instagram";9184;9678;34,45;40;36;1;"";36;4098,6;17;"";69,9;1
2021-07-24 00:00:00,000;"mobile_app";"feed";"All";13372;16765;76,95;147;119;5;"";85;9712,61;49;"";977,53;5
2021-07-24 00:00:00,000;"mobile_app";"feed";"instagram";8856;9283;40,87;78;74;3;"";60;7349,21;28;"";459,63;3
2021-07-24 00:00:00,000;"mobile_app";"feed";"facebook";5916;7482;36,08;69;45;2;"";25;2363,4;21;"";517,9;2
2021-07-23 00:00:00,000;"mobile_app";"feed";"All";13356;18256;88,08;163;135;5;"";78;6719,2;51;"";557,1;5
2021-07-23 00:00:00,000;"mobile_app";"feed";"facebook";8268;11303;50,71;110;84;3;"";37;2664,2;30;"";241,7;3
2021-07-23 00:00:00,000;"mobile_app";"feed";"instagram";6600;6953;37,37;53;51;2;"";41;4055;21;"";315,4;2
2021-07-22 00:00:00,000;"mobile_app";"feed";"All";14468;18616;86,52;151;120;2;"";30;2992,3;21;"";272,11;2
2021-07-22 00:00:00,000;"mobile_app";"feed";"facebook";10308;13543;56,2;106;74;2;"";17;1316,7;13;"";272,11;2
2021-07-21 00:00:00,000;"mobile_app";"feed";"All";14628;18498;87,63;159;122;3;"";34;3062,5;20;"";309,1;3
2021-07-21 00:00:00,000;"mobile_app";"feed";"instagram";6584;6768;33,88;58;49;1;"";11;928,3;10;"";29,9;1
2021-07-21 00:00:00,000;"mobile_app";"feed";"facebook";9092;11730;53,75;101;73;2;"";23;2134,2;10;"";279,2;2
2021-07-20 00:00:00,000;"mobile_app";"feed";"All";11272;14660;81,23;148;115;10;"";90;16731,31;48;"";1783,31;10
2021-07-20 00:00:00,000;"mobile_app";"feed";"instagram";5788;6237;34,73;52;47;1;"";19;1578,61;14;"";198,8;1
2021-07-20 00:00:00,000;"mobile_app";"feed";"facebook";6596;8423;46,5;96;68;9;"";71;15152,7;34;"";1584,51;9
2021-07-19 00:00:00,000;"mobile_app";"feed";"All";13756;19343;101,8;213;165;8;"";102;12933,5;65;"";608,4;8
2021-07-19 00:00:00,000;"mobile_app";"feed";"facebook";8008;11433;60,38;132;100;7;"";66;7338,7;40;"";558,5;7
2021-07-19 00:00:00,000;"mobile_app";"feed";"instagram";7360;7910;41,42;81;65;1;"";36;5594,8;25;"";49,9;1
2021-07-18 00:00:00,000;"mobile_app";"feed";"All";30560;40902;177,12;348;282;3;"";52;4401,71;39;"";321,7;3
2021-07-18 00:00:00,000;"mobile_app";"feed";"facebook";16480;22713;85,36;191;142;2;"";26;1785,7;21;"";246;2
2021-07-18 00:00:00,000;"mobile_app";"feed";"instagram";16920;18189;91,76;157;140;1;"";26;2616,01;18;"";75,7;1
2021-07-17 00:00:00,000;"mobile_app";"feed";"All";27224;38172;169,25;375;294;8;"";145;13136,31;94;"";949,01;8
2021-07-17 00:00:00,000;"mobile_app";"feed";"facebook";14232;21074;81,63;212;145;2;"";83;7999,71;54;"";220,61;2
2021-07-17 00:00:00,000;"mobile_app";"feed";"instagram";16312;17098;87,62;163;149;6;"";62;5136,6;40;"";728,4;6
2021-07-16 00:00:00,000;"mobile_app";"feed";"All";26792;39493;190,11;498;382;7;"";170;19530,7;104;"";889,4;7
2021-07-16 00:00:00,000;"mobile_app";"feed";"facebook";18312;26679;123,47;374;271;6;"";120;14515,2;72;"";739,7;6
2021-07-16 00:00:00,000;"mobile_app";"feed";"instagram";11712;12814;66,64;124;111;1;"";50;5015,5;32;"";149,7;1
2021-07-15 00:00:00,000;"mobile_app";"feed";"All";23104;35108;176,69;512;415;14;"";153;16565,4;90;"";1914,61;14
2021-07-15 00:00:00,000;"mobile_app";"feed";"instagram";9552;11019;56,97;125;115;5;"";59;6045,2;29;"";718,21;5
2021-07-15 00:00:00,000;"mobile_app";"feed";"facebook";16936;24089;119,72;387;300;9;"";94;10520,2;61;"";1196,4;9
2021-07-14 00:00:00,000;"mobile_app";"feed";"All";12984;20088;86,62;326;270;17;"";135;13685,5;77;"";1780,11;17
2021-07-14 00:00:00,000;"mobile_app";"feed";"facebook";10376;15688;67,38;285;232;14;"";124;12957;68;"";1524,61;14
2021-07-14 00:00:00,000;"mobile_app";"feed";"instagram";3836;4400;19,24;41;38;3;"";11;728,5;9;"";255,5;3
2021-07-13 00:00:00,000;"mobile_app";"feed";"All";4892;5562;29,36;109;84;1;"";26;2354,6;20;"";49,9;1
2021-07-13 00:00:00,000;"mobile_app";"feed";"facebook";2500;2766;16,99;69;48;1;"";22;2155;16;"";49,9;1
2021-07-12 00:00:00,000;"mobile_app";"feed";"All";;;;;;2;"";23;2243,9;14;"";349,1;2
2021-07-12 00:00:00,000;"mobile_app";"feed";"instagram";;;;;;1;"";14;1376,3;11;"";139,6;1
2021-07-12 00:00:00,000;"mobile_app";"feed";"facebook";;;;;;1;"";9;867,6;3;"";209,5;1
2021-07-11 00:00:00,000;"mobile_app";"feed";"All";181;182;2,49;;;3;"";33;3122,6;15;"";379,1;3
2021-07-11 00:00:00,000;"mobile_app";"feed";"facebook";1;1;;;;3;"";25;2424,4;12;"";379,1;3
2021-07-10 00:00:00,000;"mobile_app";"feed";"All";18016;25059;101,38;254;198;15;"";127;13577,3;79;"";2024,3;15
2021-07-10 00:00:00,000;"mobile_app";"feed";"instagram";7088;7705;42,07;78;68;5;"";67;8681,9;35;"";997;5
2021-07-10 00:00:00,000;"mobile_app";"feed";"facebook";12860;17354;59,31;176;130;10;"";60;4895,4;44;"";1027,3;10
2021-07-09 00:00:00,000;"mobile_app";"feed";"All";11424;18980;110,66;350;295;21;"";260;24903,06;156;"";2383,53;21
2021-07-09 00:00:00,000;"mobile_app";"feed";"facebook";9140;14848;73,04;308;255;13;"";196;17218,66;120;"";1552,21;13
2021-07-09 00:00:00,000;"mobile_app";"feed";"instagram";3696;4132;37,62;42;40;8;"";64;7684,4;36;"";831,32;8
2021-07-08 00:00:00,000;"mobile_app";"feed";"All";12884;17024;100,64;243;204;2;"";94;10402,3;51;"";238,8;2
2021-07-08 00:00:00,000;"mobile_app";"feed";"facebook";9120;11628;63,61;188;155;2;"";32;2253,2;25;"";238,8;2
2021-07-07 00:00:00,000;"mobile_app";"feed";"All";14488;18753;99,09;296;238;10;"";70;8270,52;49;"";1206,9;10
2021-07-07 00:00:00,000;"mobile_app";"feed";"facebook";8540;11229;54,17;214;162;4;"";27;2145,5;19;"";329,4;4
2021-07-07 00:00:00,000;"mobile_app";"feed";"instagram";7180;7524;44,92;82;76;6;"";43;6125,02;30;"";877,5;6
2021-07-06 00:00:00,000;"mobile_app";"feed";"All";16844;20887;100,33;322;264;10;"";94;8407,9;59;"";618,5;10
2021-07-06 00:00:00,000;"mobile_app";"feed";"instagram";9932;9944;50,8;117;107;2;"";46;4876,4;22;"";109,7;2
2021-07-06 00:00:00,000;"mobile_app";"feed";"facebook";8356;10943;49,53;205;157;8;"";48;3531,5;37;"";508,8;8
2021-07-05 00:00:00,000;"mobile_app";"feed";"All";18036;23243;101,87;465;384;13;"";140;14013;85;"";1519,01;13
2021-07-05 00:00:00,000;"mobile_app";"feed";"facebook";10024;13506;56,02;331;263;5;"";87;9004;50;"";780,51;5
2021-07-05 00:00:00,000;"mobile_app";"feed";"instagram";9404;9737;45,85;134;121;8;"";53;5009;35;"";738,5;8
2021-07-04 00:00:00,000;"mobile_app";"feed";"All";16608;23173;99,66;510;423;12;"";152;14719,8;98;"";1077,4;12
2021-07-04 00:00:00,000;"mobile_app";"feed";"facebook";9800;13970;56,89;375;299;8;"";118;12287,4;75;"";718,3;8
2021-07-04 00:00:00,000;"mobile_app";"feed";"instagram";8636;9203;42,77;135;124;4;"";34;2432,4;23;"";359,1;4
2021-07-03 00:00:00,000;"mobile_app";"feed";"All";21256;26267;105,38;634;511;10;"";153;13573,1;97;"";903,91;10
2021-07-03 00:00:00,000;"mobile_app";"feed";"facebook";8920;11763;45,25;333;244;5;"";78;6352;47;"";525,01;5
2021-07-03 00:00:00,000;"mobile_app";"feed";"instagram";14056;14504;60,13;301;267;5;"";75;7221,1;50;"";378,9;5
2021-07-02 00:00:00,000;"mobile_app";"feed";"All";19880;27372;87,47;691;586;18;"";174;11498,4;118;"";1531,4;18
2021-07-02 00:00:00,000;"mobile_app";"feed";"facebook";8728;12641;42,16;395;317;16;"";126;9214,8;80;"";1431,6;16
2021-07-02 00:00:00,000;"mobile_app";"feed";"instagram";13472;14731;45,31;296;269;2;"";48;2283,6;38;"";99,8;2
2021-07-01 00:00:00,000;"mobile_app";"feed";"All";11488;14126;50,71;441;384;21;"";177;13240,91;115;"";1837,62;21
2021-07-01 00:00:00,000;"mobile_app";"feed";"facebook";6876;8123;28,56;255;214;9;"";82;5111,01;59;"";934,82;9
2021-07-01 00:00:00,000;"mobile_app";"feed";"instagram";5788;6003;22,15;186;170;12;"";95;8129,9;56;"";902,8;12
